:020000040800F2
:1000000000200020319300085991000861910008F8
:1000100000000000000000000000000000000000E0
:1000200000000000000000000000000069910008CE
:100030000000000000000000739100087D9100089E
:100040008193000881930008819300088193000840
:100050008193000881930008819300088193000830
:1000600000000000819300088990000819910008A1
:10007000A189000881930008000000008193000816
:10008000000000005D8C000800000000000000007F
:10009000819300080000000081930008819300080C
:1000A000819300088193000881930008A1900008C3
:1000B000B9900008819300080000000000000000D3
:1000C00010B5064C2378002B07D1054B002B02D02E
:1000D000044800E000BF0123237010BDD4010020BC
:1000E00000000000C8BD0008044B10B5002B03D071
:1000F0000349044800E000BF10BDC04600000000F6
:10010000D8010020C8BD0008002243088B4274D3E8
:1001100003098B425FD3030A8B4244D3030B8B4208
:1001200028D3030C8B420DD3FF22090212BA030C11
:100130008B4202D31212090265D0030B8B4219D3F2
:1001400000E0090AC30B8B4201D3CB03C01A524112
:10015000830B8B4201D38B03C01A5241430B8B425A
:1001600001D34B03C01A5241030B8B4201D30B0343
:10017000C01A5241C30A8B4201D3CB02C01A52416A
:10018000830A8B4201D38B02C01A5241430A8B422D
:1001900001D34B02C01A5241030A8B4201D30B0216
:1001A000C01A5241CDD2C3098B4201D3CB01C01A30
:1001B000524183098B4201D38B01C01A524143093A
:1001C0008B4201D34B01C01A524103098B4201D328
:1001D0000B01C01A5241C3088B4201D3CB00C01A95
:1001E000524183088B4201D38B00C01A524143080D
:1001F0008B4201D34B00C01A5241411A00D2014632
:10020000524110467047FFE701B5002000F006F8A4
:1002100002BDC0460029F7D076E770477047C04658
:10022000844608006146FFE71FB500F097FC0028F0
:1002300001D40021C8421FBD10B500F01FFC404290
:10024000013010BD10B500F089FC002801DB002052
:1002500010BD012010BDC04610B500F07FFC002885
:1002600001DD002010BD012010BDC04610B500F01A
:100270002DFC002801DC002010BD012010BDC0466F
:1002800010B500F023FC002801DA002010BD012089
:1002900010BDC046002B11D1002A0FD1002900D17A
:1002A000002802D00021C943080007B4024802A177
:1002B0004018029003BDC04665FFFFFF03B46846C7
:1002C00001B5029800F006F8019B9E4602B00CBCF6
:1002D0007047C046F0B557464E464546DE46E0B547
:1002E00004000D009246994683B08B4230D82DD041
:1002F0004946504600F038FE29000600200000F074
:1003000033FE331A9846203B34D49B4653465A4614
:10031000934042461F00534693401E00AF423BD8D5
:10032000AF4200D179E05B46A41BBD41002B00DA4F
:1003300076E0002200230092019301235A46934065
:100340000193012342469340009329E08242CFD992
:1003500000220023009201930C9B002B01D01C6013
:100360005D600098019903B0F0BCBB46B246A94657
:10037000A046F0BD42469B4620239B1A5246DA40D7
:10038000414613004A468A40170042461F435346DF
:1003900093401E00AF42C3D9002200230092019374
:1003A0004346002BD8D0FB0772081A4346467B0809
:1003B0000EE0AB4201D1A2420CD8A41A9D4101200B
:1003C00024196D410021013E24184D41002E06D014
:1003D000AB42EED9013E24196D41002EF8D10098B0
:1003E00001995B4600196941002B24DB2B005A461A
:1003F0004446D3402A00E2401C005B461500002B17
:100400002ADB26009E40330026004746BE403200CD
:10041000801A9941009001919EE7A342BCD882E7DF
:100420004246202300219B1A0022009101920122C2
:10043000DA40019285E7424620239B1A2A0046466D
:100440009A402300F340444613432A00E2401C0034
:100450005B461500002BD4DA42462F0020232600ED
:1004600097409B1ADE403B003343CDE7F8B54B0283
:100470005A0A94464A00C90FCE4647468946450067
:1004800046022D0E120E80B59909770AC40FB609DF
:10049000AB1A4C4520D0002B0CDD002A34D10029AA
:1004A0002AD05A1E012B00D18FE0FF2B00D1CDE0C6
:1004B00013002FE0002B60D0531B002D00D0EEE086
:1004C000002E00D13EE15C1E012B00D16BE1FF2B21
:1004D00000D1B9E02300E7E0002B00DCA4E0002A13
:1004E00069D0FF2D00D1B1E08022D20411431B2B33
:1004F00000DCE9E02B000536F708FF2B00D1A5E072
:100500007A02520AD8B230E0FF2D00D19EE080225C
:10051000D204114301201B2B08DC08002022D84004
:10052000D31A99400B005A1E93411843361A73018F
:1005300000D471E0B601B709380000F0F7FC3B00C9
:100540000538834085424DDDB44E2D1A1E405A07B2
:1005500068D00F221340042B64D00436730161D598
:10056000681CFE2D54D1FF200022C0051043E40773
:100570002043C0BCB946B046F8BDFE229046681C78
:100580000200404610426BD1002D00D0DDE0002E6D
:1005900000D102E10029B3D08022771AD204174299
:1005A00000D136E14C468E1B61D00120164230D17D
:1005B0000023F708A4E700299ED05A1E012B00D182
:1005C000CAE0FF2B42D0130091E7711A4B0100D40F
:1005D000D1E08F01BF09380000F0A8FC3B000538CE
:1005E000834001252022401B0130121A1E00934037
:1005F000C6405A1E93411E4339D0730700D11BE1F8
:100600000F2300253340042BA7D1012072017CD594
:10061000C0B2B201520AA8E7730703D00F233340D8
:10062000042B9AD12B0067E7002B23D0531B002DFE
:100630007BD1002E00D186E05D1E012B00D18BE026
:10064000FF2B02D02B0075E04C466746002F00D1EF
:1006500089E78022D2033A435202FF20520A84E7FC
:10066000771A7B016BD4002F00D065E700240020AF
:1006700000227AE7FE226B1C1A4249D1002D00D0DD
:100680009FE0002E00D1BAE0002900D1CFE072181F
:10069000530100D4CDE092010120520A65E7FF2A00
:1006A000D2D08020C004064301201B2B08DC300080
:1006B0002024D840E31A9E4033005C1EA341184317
:1006C0004C4615000E1A32E708002022D840D31AF3
:1006D00099400B005A1E93410343F61873019BD5B2
:1006E0000135FF2D00D13EE701234D49720833400B
:1006F0000A401A431600530704D00F231340042B5B
:1007000000D02AE7730100D52AE72B00F708F7E6A7
:10071000FF2B00D127E7711849084A072FD00F2275
:100720000A40042A2BD00E1DE6E6FF2A8DD0802039
:10073000C00406431B2B24DD13004E1DDCE64C4693
:100740008F1BF9E64C460E00D6E6002E49D1002953
:1007500068D067464C467CE77018430174D5304931
:1007600040080140430709D00F230340042B05D064
:1007700002230E1DC0E60123CF08C1E60223CF08E5
:10078000BEE620253000D840EB1A9E4033005D1EA7
:10079000AB41034315005E18A0E7002900D165E7CF
:1007A0004C466746ACE68F1B7B012ED5BF01BF09C7
:1007B000380000F0BBFB3B00053883404C46013558
:1007C00010E7002E00D140E7002900D141E7802347
:1007D000DB039F4200D23CE79C4500D339E76746E4
:1007E00037E7002900D134E78023DB039F4200D2A2
:1007F0002FE79C4500D32CE74C46674629E70029A4
:1008000000D134E70023CF087AE64C460123FF08E5
:1008100076E6002F00D129E7FF0871E6FFFFFFFB16
:10082000FFFFFF7D80220024FF20D2039DE60023EE
:1008300066E60023D70863E60120720100D5E7E6EB
:1008400031000023CF085BE60123C70858E6C04605
:10085000F0B546464F46D6464502C0B5C30F4700E1
:1008600098460E1C6D0A3F0E5BD0FF2F21D08023CF
:10087000ED00DB041D43002399469A467F3F740236
:100880007300640A1B0EF60F002B20D0FF2B43D001
:1008900080220020E400D20414437F3B4246FF1A2A
:1008A0004B4672400F2B00D99DE071499B00CB58FD
:1008B0009F46002D5AD108239946063B74029A465A
:1008C0007300FF27640A1B0EF60F002BDED1002CED
:1008D0003BD1012342464946724019430E2918D89C
:1008E0006448890041588F465346022B00D1B8E036
:1008F000032B6ED042462C00012B40D10020002457
:10090000C0052043D2071043E0BCBA46B146A84612
:10091000F0BDFF200024F3E7002C20D10223FF3F8D
:10092000D8E7002D05D104239946033B00279A46BA
:10093000A5E7280000F0FAFA7627431F9D40002320
:100940007F4299469A463F1A99E7200000F0EEFA56
:10095000431F9C4076235B421B1A00209EE7032323
:100960004A461A4391460320FC3397E70C239946E5
:10097000093BFF279A4682E703282CD03200380033
:100980007F30002847DD630704D00F232340042B6A
:1009900000D00434230103D53800374B80301C408D
:1009A000FE28B6DCA401640AC0B2A9E780240022B4
:1009B000FF20E403A4E78023DB031D4201D01C4297
:1009C0000BD08024E4032C4364024246FF20640AD7
:1009D00096E746462C008023DB031C43640232006A
:1009E000FF20640A8CE76D01600185422DD21B2334
:1009F0000024013F0126290064006D00002901DB6D
:100A0000854201D32D1A3443013B002BF3D16B1ED9
:100A10009D412C43B3E701231B1A1B2B00DD6DE71F
:100A200021009E37D940BC400B00611E8C412343FE
:100A3000590704D00F211940042900D0043359016B
:100A400013D49B0100205C0A5AE71A2301242D1AB3
:100A5000D0E7981E43425841404232000024C0B2C1
:100A60004EE74246FF2000244AE70120002447E7E2
:100A7000E0BD000820BE0008FFFFFFF770B5420090
:100A80004E024C0045026D0A120EC30F760A240E68
:100A9000C90FFF2A10D0FF2C0CD00120A2420AD18E
:100AA000B54208D18B420FD0002A04D12800431E42
:100AB000984100E0012070BD0120FF2CFBD135439F
:100AC000F9D14B401800F6E70020F4E730B54200BA
:100AD00044024D02C30F4800640A120E6D0A000E54
:100AE000C90FFF2A18D0FF280AD0002A1ED10028DB
:100AF0000AD1002D29D0002C2DD14800013830BD5D
:100B0000002D25D1002A01D1002CF6D08B4219D01E
:100B100001205B421843F2E7002C19D1FF28F7D1DE
:100B2000002D15D100208B42F2D1E8E70028EFD04C
:100B30008B42EDD18242EBDC04DBAC42E8D80020F2
:100B4000AC42DCD258000138D9E7002CD7D0DFE71F
:100B500002204042D3E78B42DAD1EEE730B54200C3
:100B600044024D02C30F4800640A120E6D0A000EC3
:100B7000C90FFF2A17D0FF280AD0002A1BD100284E
:100B80000AD1002D1DD0002C2DD14800013811E0D4
:100B9000002D0ED1002A01D1002CF6D08B420CD1B1
:100BA0005800013806E0002C03D1FF2805D1002DA4
:100BB00015D0022030BD002806D101205B42184329
:100BC000F8E7002CF6D0F8E78B42F6D18242F4DC4D
:100BD000E6DBAC42F1D80020AC42EBD2E0E70020EB
:100BE0008B42EAD1E6E78B42E7D1F2E7F0B54F4618
:100BF0004646D6464400C0B546020F1C760A240E6F
:100C0000C50F002C00D1DAE0FF2C74D08023F60051
:100C1000DB041E43002399469A467F3C7B025B0A15
:100C200098467B001B0EFF0F002B74D0FF2B00D1CA
:100C30008EE042468021D200C90411437F3B2A0046
:100C4000E4184B467A408846D2B20A2B75DC4B46F4
:100C50000020022B0FDD494601238B40A621C9004D
:100C60000B4269D1902189000B4200D000E188211C
:100C7000194200D0F5E041460904090C434608003A
:100C8000350C36041B0C360C704369435E435D43E0
:100C90007618030C9B19994203D9802149028C468E
:100CA000654400041904000C09188E01701E864169
:100CB0001B0C890E5B190E439B011E431B016CD458
:100CC00023007F33002B00DCB1E0150071070BD04F
:100CD0000F2021003040042806D00436320103D50D
:100CE0006E4B1E400B008033FE2B00DDBDE0B201D9
:100CF000520ADBB248E0002E00D092E00823994669
:100D0000063B9A467B025B0A98467B00FF241B0E3B
:100D1000FF0F002B8AD14246002A64D14946013296
:100D2000114389460A2908DC7D400120EAB20229E4
:100D300091DC1500002227E015005346022B00D15C
:100D400093E0032B1AD0012B2CD1002300221BE0AF
:100D50004346FF34002B55D003214B460B4319006B
:100D60000A2B00DC92E00F2B00D08CE08022D20313
:100D7000164203D04346134200D17DE08022D203C5
:100D800032435202520AFF23D805ED07104328438D
:100D9000E0BCBA46B146A846F0BD01231500710873
:100DA0001E400E4323008033611C002B41DD72077F
:100DB00094D00F223240042A00D08EE78EE7002E16
:100DC00005D104239946033B00249A4626E73000C8
:100DD00000F0ACF87624431F9E40002364429946FD
:100DE0009A46241A1AE7404600F0A0F84B46241A07
:100DF000763C0A2BA1DC4346053883407D4098466B
:100E0000EAB224E74A46023313432A007A40D2B2B8
:100E10000A2B92DC49461500002926D0994602206B
:100E200019E70C239946093BFF249A46F6E615007C
:100E300021000122D31A1B2B00DD86E79E313200F0
:100E40008E40DA40731E9E413243530704D00F2375
:100E50001340042B00D00432530110D5012300228B
:100E600092E73D004646824667E7FF2300228BE774
:100E700080220025D20386E73D001A4383E79201D2
:100E80000023520A80E73D00464677E72A00012307
:100E90007A408B400320D2B2E9E6C046FFFFFFF75D
:100EA00010B5041E0DD000F041F89E231B1A962B9E
:100EB0000CDC082834D0083884406402640AD8B2B4
:100EC00001E000200024C005204310BD992B13DC55
:100ED000421F9440144A224061071CD00F21214038
:100EE000042918D00432D408520115D59F23640276
:100EF000181A640AC0B2E6E7020021001B329140D2
:100F00000A00511E8A410521091ACC401443064AA1
:100F100022406107E2D1D4086402640AD8B2D2E761
:100F20006402640A8E30CEE7FFFFFFFB1C21012321
:100F30001B04984201D3000C10391B0A984201D3BC
:100F4000000A08391B09984201D30009043902A29A
:100F5000105C40187047C046040302020101010101
:100F6000000000000000000010B5002903D1FFF7C9
:100F7000DDFF203002E00800FFF7D8FF10BDC046BB
:100F80000023C25C0133002AFBD1581E70470000C9
:100F900002B4714649084900095C49008E4402BC0C
:100FA0007047C04603B47146490840004900095ED5
:100FB00049008E4403BC704703460B437FD4002294
:100FC00043088B4274D303098B425FD3030A8B42DD
:100FD00044D3030B8B4228D3030C8B420DD3FF2247
:100FE000090212BA030C8B4202D31212090265D015
:100FF000030B8B4219D300E0090AC30B8B4201D3C8
:10100000CB03C01A5241830B8B4201D38B03C01A0E
:101010005241430B8B4201D34B03C01A5241030B85
:101020008B4201D30B03C01A5241C30A8B4201D336
:10103000CB02C01A5241830A8B4201D38B02C01AE1
:101040005241430A8B4201D34B02C01A5241030A58
:101050008B4201D30B02C01A5241CDD2C3098B423D
:1010600001D3CB01C01A524183098B4201D38B01BA
:10107000C01A524143098B4201D34B01C01A52415D
:1010800003098B4201D30B01C01A5241C3088B42A2
:1010900001D3CB00C01A524183088B4201D38B008D
:1010A000C01A524143088B4201D34B00C01A52412F
:1010B000411A00D201465241104670475DE0CA0F06
:1010C00000D04942031000D34042534000229C46C6
:1010D00003098B422DD3030A8B4212D3FC228901D0
:1010E00012BA030A8B420CD3890192118B4208D3A6
:1010F000890192118B4204D389013AD0921100E008
:101100008909C3098B4201D3CB01C01A524183091B
:101110008B4201D38B01C01A524143098B4201D348
:101120004B01C01A524103098B4201D30B01C01A73
:101130005241C3088B4201D3CB00C01A52418308ED
:101140008B4201D38B00C01A5241D9D243088B4243
:1011500001D34B00C01A5241411A00D201466346E6
:1011600052415B10104601D34042002B00D549424A
:10117000704763465B1000D3404201B50020FFF783
:101180004DF802BD0029F8D016E7704784461000DC
:1011900062468C461900634600E0C0461FB500F069
:1011A000C5FF002801D40021C8421FBD10B500F0C2
:1011B00009FF4042013010BD10B500F0B7FF002814
:1011C00001DB002010BD012010BDC04610B500F0AD
:1011D000ADFF002801DD002010BD012010BDC0467C
:1011E00010B500F033FF002801DC002010BD012005
:1011F00010BDC04610B500F029FF002801DA00201C
:1012000010BD012010BDC046F0B54F464646D6463B
:10121000C0B582B0009001910E034C00CD0F710A51
:10122000009E5F00760F0E43009900920193C90063
:10123000894619037B0D9846019B490ADB0F9C46A2
:10124000009B009A5B0F0B434146640DD200611A6C
:10125000654500D1A6E0002972DD4746002F00D188
:10126000DDE0CC4FBC4200D19AE10127382917DCE0
:1012700080273F043B431F2900DDDDE12027781A4A
:101280001F008740BA461700CF40844638005746B3
:10129000074360468240CB40501E8241F61A1743F6
:1012A0004B46DF1BB94580414042361A330200D419
:1012B000FFE07602760A002E00D13CE13000FFF715
:1012C00035FE0300083B20213800CA1AD0409E405A
:1012D00002009F4032439C4200DDA6E1181B013012
:1012E000091A3E008F40C6407B1E9F4113008B4071
:1012F00037431F43C2403B0016000024134300D174
:10130000DFE17B0700D132E30F233A003B40042B9F
:1013100004D03A1DBA42BF417F42F619330200D4CD
:1013200023E39C4B01349C4200D1B4E09A4B64050A
:101330001E40640D7707D20876021743360BACE0E7
:10134000002900D17EE04146091B002C00D060E15D
:1013500034004846044300D1C9E14C1E012900D1A4
:101360002EE28C4DA94200D124E20127382C11DC59
:1013700021001F2900DD0BE2202437004846641AB3
:10138000A740C84007434846A040CE40441EA04165
:101390009B1B0743D71BBA429241524265464446C3
:1013A0009E1A83E7002900DC9CE04746002F67D1A6
:1013B0001F00174300D1E4E0481E012900D19BE142
:1013C000744FB94200D1EBE001270100382811DC4D
:1013D0001F2900DDC7E12027781A1F0084468740B7
:1013E0001000C840074360468240CB40501E8241F7
:1013F000F61817434F444F45804140423618330298
:1014000057D5644B01349C4245D00121624B7A0888
:101410001E4039400A43F7071743760871E71F005B
:10142000174300D1ADE04F1EBC46012900D182E137
:10143000584FB94200D190E161460127382900DDBB
:101440002EE718E7554F611C394200D0D0E031003B
:1014500048461F0001431743002C00D03DE10029FE
:1014600000D1BCE1002F00D0BFE14B460021D808DD
:1014700077070743F00806034C05360B640D0CE0B4
:10148000444FBC4200D18BE001273829B2DC8027D1
:101490003F043B439CE70026002724053443ED0727
:1014A0002C433800210002B0E0BCBA46B146A84641
:1014B000F0BD7B0704D00F233B40042B00D028E76E
:1014C000F808344B77070743F0089C4200D04AE203
:1014D0003B00034359D080263603064336032D4C88
:1014E000360BDAE7002961D04146091B002C00D1F8
:1014F000B9E0284CA04500D1A5E10127382913DC2B
:101500008024240426431F2900DDC8E1202437005D
:101510004846641AA740C84007434846A040CE400A
:10152000441EA0419B190743BF1897429241524263
:101530004446D61863E73800FFF7F8FC0300183379
:101540001F2B00DCBFE63A00083882409C4200DDD9
:1015500083E01B1B581C1F2800DCB4E117001F3B55
:10156000DF40202805D040231B1A9A40531E9A4181
:1015700017430024002F0AD07B0700D0C4E62600C2
:101580009EE74B460C00D8089BE70027014C00263D
:1015900083E7C046FF070000FFFF7FFFFE07000054
:1015A0004B467707D8080743F00891E7CD4F611CF9
:1015B00039426BD1310048460143002C00D04BE149
:1015C0001F001743002900D181E1002F00D14CE713
:1015D0004A444A458041F61840423618330200D545
:1015E000B0E117009146374300D03EE7002654E7AC
:1015F0004946891A8846C145BF41F11A7F42C91B35
:101600000F0261D447460F4300D1BDE00E004746AC
:1016100051E6B54CA04500D100E10127382900DD95
:10162000B8E6802424042643A3E6B04EE41A16400C
:101630007B0700D03FE743E70F001800203FF8404A
:101640008446202903D04027791A8B401A43531E21
:101650009A41634617001F4322E6A448E11A10404E
:101660004707C00807E734004846044300D1FAE0C2
:101670004C1E012900D1D7E09B4FB94200D1E2E0D6
:101680000127382C00DD4FE721003CE7964CA142B2
:1016900000D1DDE04A444A458041F3184042181821
:1016A000C707520817434608520705D00F220C00FF
:1016B0003A40042A00D02CE67607FF083743000999
:1016C000D9E600270026E8E64946571ABA42924171
:1016D0009E1B52426546B61AEDE5002900D0C6E0D1
:1016E000002F67D1802600257F4C3603D5E665465E
:1016F0000C001E00D008E4E64A444A458041F31835
:10170000404218181100030200D496E0774B4908B4
:101710001840C3070B434408490700D129E10F22B1
:101720001A40042A00D1EAE01F1D9F42B6417642CA
:1017300036190224C4E649468F1AB9458041F61A83
:101740004042361A330206D47307FF0801211F43B3
:10175000F00890E665460124ABE54B467707D808CC
:101760000743F008B4E60F001800203FF840844615
:10177000202903D04027791A8B401A43531E9A41DF
:10178000634617001F4335E600250024002684E643
:101790000C003500203CE540202905D04024611A8A
:1017A0008E404946314389464846411E88410700DC
:1017B0002F43EFE5D2085F0765461743D80887E651
:1017C000171ABA4292419E1B5242B61A3302C1D432
:1017D0007307FF08654601211F43F0084BE6002F01
:1017E0007BD065461E0091463FE6811A8846C1457A
:1017F000A441F11A6442091B80242404214277D0B9
:10180000101A8242924107009E1B5242B61A374379
:1018100000D0A0E06546002400263EE65F07D2081F
:1018200065461743D80853E6811891429241F01853
:1018300052428018030200D568E74707C9080F43E2
:10184000C008012117E6D2085F071743D8083FE612
:101850000C000026002720E6002956D15F07D20899
:101860001743D80834E60C001E00D00829E6C1084A
:1018700070070143F008002F62D080242403204227
:1018800007D0DE08264204D165463000D1085B0748
:1018900019434F0FC900C9087F070F4318E60C0012
:1018A0003000203CE0408446202905D04024611AC5
:1018B0008E404946314389464846411E884161462B
:1018C00007000F4330E620210027091A0EE51E000D
:1018D000002F00D022E5002458E700250024002630
:1018E000DBE5C046FE070000FF070000FFFF7FFFAB
:1018F00047460F4300D147E70E00C146B5E5DF0874
:101900006407022127430009B5E51900C0087707DD
:1019100007431143F008002900D1D9E580210903CC
:10192000084207D0DC080C4204D1D2085B071A43F6
:10193000170020007B0FFF00FF085B071F43C7E570
:101940000F00C5E5124BD20833405F075B0201244C
:1019500017431E0BA1E5264212D00D4B654602002F
:1019600001241E40E6E4210085E51700A8E53A00C1
:10197000D4E4DB0864071C432700022100097AE550
:10198000C0087707074365460021F00873E5C046A5
:10199000FFFF7FFFF0B5DE46454657464E46E0B5B1
:1019A00087B0009201930B031B0B9B46CA0F4B00A1
:1019B000040080465B0D029200D198E07C4A93427D
:1019C00037D05946420FC9000A4380210904114308
:1019D000C2009046774A894692469A4400230024E2
:1019E0000393009E019F3B031B0B9B467B00300033
:1019F0005B0DFD0F002B59D06D4A934248D05946DC
:101A0000720FC9000A438021090411438B466949BA
:101A1000F2008C4651466344CB1A9A460021029E3E
:101A20006E40F6B20F2C00D9CEE0634BA4001B59D8
:101A30009F465A460243914600D090E09A460223C0
:101A4000904608240393CCE7CB464246029D039977
:101A5000022900D1DEE1032900D18DE0012900D067
:101A600079E12E0000220023002490461B05234329
:101A7000F60733434046190007B0F0BCBB46B246F8
:101A8000A946A046F0BD002200249046484BEDE751
:101A90005A46009B1A43494B9C46E244002A59D1BE
:101AA00002231C43002302219B46B8E75A46009BB1
:101AB0001A4349D05B46002B00D19CE15846FFF702
:101AC00035FA020003000B3A1D27009EBA1A1900CE
:101AD0005846D64008398840320002439346009A5F
:101AE0008A40374953448A4600219A4497E75B4627
:101AF0000343994621D05B46002B00D169E158464B
:101B0000FFF714FA0B235B429C46020084446646AE
:101B10001D239B1B260011005846DE4008398840D3
:101B200033000343994623008B409846254B0024FD
:101B30009B1A9A460023039353E7002398469A463C
:101B40000133042403934CE701231C4300230121A8
:101B50009B4664E70323320003211C435FE79A4658
:101B60000323D9460C2403933BE7002380249846A3
:101B700000260F4B240379E780245B4624031C4393
:101B800024032E0090460A4B240B6FE780244B461B
:101B90002403234202D05B462342F0D080244B46EC
:101BA00024031C432403029E014B240B5EE7C04622
:101BB000FF07000001FCFFFF5CBE000801F8FFFF0B
:101BC000F30300000DFCFFFFCB4500D2F8E000D18D
:101BD000F3E001235B429C46444648460025E2442C
:101BE0005B46170E1B021F43190C3B0412020097A1
:101BF0001F0C914602910397FEF70CFB02007A43FB
:101C00000B04210C804619438A4209D9009F012305
:101C1000BC465B4261449C46E0448F4200D85CE194
:101C2000881A0299FEF7F6FA039A2404424309043B
:101C3000240C03000C43A24206D90099013B8C46B8
:101C40006444A14200D842E1A01A424612041A4359
:101C500093464B4659461B0C1F0004930B04494600
:101C60000904090C0C001B0C5C43120C7B438846D6
:101C700051437A43270CBC465B186344994203D90D
:101C8000802149028C466244190C24041B04240C54
:101C90008A181C19904202D316D1A54214D25B4671
:101CA000009F013B4D4405934D459B41BC465B4223
:101CB0006344C018874200D302E1824200D929E17F
:101CC00000D124E1059B9B462C1BA542AD41009B06
:101CD000801A6D42401B834200D10FE10299FEF74A
:101CE00099FA039A0B044243210C050019438A42D6
:101CF00000D9CBE0881A0299FEF78CFA039A2404E3
:101D000042430904240C03000C43A24200D9CAE058
:101D10004146A41A2A041A43049F13041B0C594376
:101D200040467B439C46150C68430B0C844463443B
:101D30007D43984203D98020400284466544180CB4
:101D400009041B04090C40195B18844227D323D0D3
:101D5000012335001A43944B5344002B60DD510797
:101D600000D086E02E00D1085A46D20106D55A4648
:101D70008E4B1A4080239346DB0053448C4A934297
:101D800000DD80E65A4652070A4390465A465B05F4
:101D90005402240B5B0D69E63500002BDBD0009D5F
:101DA000511EAC466444AC4200D29EE0844200D254
:101DB000E1E000D1EEE00A00CAE7424500D908E7B9
:101DC0004B46DC07580843465B081C434346DD0787
:101DD00006E7FFF7ABF815239C46844402006346F0
:101DE00020321C2B00DC92E6230008388340994601
:101DF000002398469AE6FFF799F80200030015328F
:101E000020331C2A00DC5FE600990838814000225C
:101E10008B4666E600222E0000249046654B25E6A0
:101E20002E000121C91A382900DD1BE61F297EDC9E
:101E30006148140050445B4682408340CC40501EB1
:101E4000824123431A435B46CB40510709D00F21FF
:101E50001140042905D0111D9142924152429B1814
:101E60000A00190200D49BE00022012300249046BE
:101E7000FCE50F211140042900D173E7111D9142A7
:101E8000924152422E00C90893446DE7009B013DE8
:101E90009C4661448B4200D92CE78A4200D829E74E
:101EA000851E614426E70099013B8C466444A142AB
:101EB00000D92DE7A24200D82AE7831E644427E711
:101EC000874200D0FEE6A94500D9FBE6F5E6A2422E
:101ED00000D8B9E6831E6444B6E68A4200D89FE67D
:101EE000BC46831E984661449AE60A00844200D0AC
:101EF0002EE74B4500D02BE735002CE72A4B2F4A25
:101F00005344924543DB0122002193442CE7AC4229
:101F100000D8D7E602235B429C4600994D444D45CC
:101F20009B41E3448C465B426344C018CCE61F20CF
:101F30004042C31A5846D840202904D05946204B65
:101F4000534499400A43531E9A4107231900024300
:101F500000241140134209D008331340042B1DD034
:101F6000131D934289411A0049424907D2080A4386
:101F7000904600237AE54946009F4D004D45894132
:101F8000BC4649426144A946023A6418AEE70122C0
:101F9000524246E79945EED30A00AAE70021E5E759
:101FA00059075B021C0BE1E7FF030000FFFFFFFE88
:101FB000FE070000FF0700001E04000002FCFFFFF8
:101FC0003E040000F0B55746DE464E464546E0B5B5
:101FD0000D000400E80F83460903D80F090B824661
:101FE00019488C461F0369005E00490D3F0B760DB2
:101FF000814218D086420FD00120B1420DD1BC459C
:102000000BD1944209D1D3451CD0002905D160469B
:102010002043431E984100E00120F0BCBB46B2467D
:10202000A946A046F0BD01208E42F6D16146394353
:102030000F0017432743F0D15B465246981A431EC0
:102040009841EAE70020E8E7FF070000F0B55746AF
:102050004E464546DE46E0B50D000E034900490DEB
:102060008A46DF0FE90FBC4683B02F4F040080463D
:102070000191580019039146360B090B400DBA45E2
:102080001DD0B8420DD05746002F2AD13443002826
:1020900024D10A4336D0002C41D163465800013880
:1020A00015E0114338D15346002B01D12643F4D01B
:1020B000019B634507D1019B5800013807E0264387
:1020C0002AD1504521D00120019B5F42384303B003
:1020D000F0BCBB46B246A946A046F0BD002CDCD001
:1020E000E6E70028EFD0019B6345ECD18245EADCAE
:1020F000E1DB8E42E7D8DED1C845E4D80020C845F0
:10210000E5D2D8E7002CE2D0DDE7114304D1019BF2
:102110006345D8D10020DAE702204042D7E7019B8F
:102120006345E6D0CFE7C046FF070000F0B557464D
:102130004E464546DE46E0B50D000E034900490D0A
:102140008A46DF0FE90FBC4683B02E4F040080465D
:102150000191580019039146360B090B400DBA4501
:102160001ED0B8420DD05746002F27D13443002847
:1021700033D10A4334D0002C40D163465800013893
:1021800015E0114312D15346002B01D12643F4D060
:10219000019B63451DD00120019B5F42384306E04F
:1021A000264303D15045F6D111431CD0022003B081
:1021B000F0BCBB46B246A946A046F0BD0028EAD016
:1021C000019B6345E7D18245E5DC02DB8E42E2D824
:1021D0000ED0019B58000138E9E7002CCDD0D7E79D
:1021E000002CE4D0D7E7019B00206345DFD0D2E785
:1021F000C845D0D80020C845D9D2EAE7019B63453D
:10220000E4D0C8E7FF070000F0B557464E46DE466B
:102210004546E0B51F000B031B0B16009A46CA0F7C
:102220004B000400914685B05B0D00D1CFE1CD4A53
:10223000934255D05146420FC9000A4380210904F8
:102240001143C2009046C84A8A4693469B440023E5
:10225000002502933C037B00FA0F0196240B5B0DD3
:10226000009200D188E1BF4A934200D192E0BE4A79
:10227000944663449B440A2D42DCE400730F2343DD
:102280008024494624041C43F3000193009B002052
:102290005940CBB20393022D00DC94E00123AB4004
:1022A0001D00A6232A00DB001A401D4200D029E2AF
:1022B00090239B001D4200D14DE2002380249946CB
:1022C0002403A84B10004A461B052343D20713439F
:1022D000190005B0F0BCBB46B246A946A046F0BD09
:1022E00052460243904600D0ACE19B460223924600
:1022F00008250293AEE7009BA2469946019B9846AB
:10230000029B022B00D1CAE1032B00D192E1012BE9
:1023100010D1002300240022D4E701227B083A4098
:1023200013435246D2071343984653465B089A46D6
:10233000039B99465B46581C8023DB005B44002BC3
:1023400000DCB1E1424652070BD00F2241460A4061
:10235000042A06D04246111D414592418846524208
:1023600092445246D20106D55246804B1A408023F1
:102370009246DB00C3187E4A934200DD8FE142465D
:10238000D108524652070A4351465B054C02240BC2
:102390005B0D97E7734B26439C46E344002E00D128
:1023A0006FE1032349461D43009B5940CBB2039381
:1023B0000A2D00DD33E10123AB401D00032302930E
:1023C00088222A4297D1424643461204120C160034
:1023D00001981D0C030C0004000C4643B4461E007B
:1023E0006E430096160007005E436146B0466F4399
:1023F0000E0CB8444644B74205D9802149028846AC
:10240000009F4744009761460904090C370C3604C5
:102410008C463100614401911100260C2404240CE7
:1024200061438C462100694389466146090C884610
:1024300072434A4442447543914503D9802149027D
:1024400088464544110C884661460904090C8C46AF
:1024500012046244B91802915146090C8C46514647
:102460000F043F0C390041434544884661464143CF
:102470008A4641466046090C894658437B4353448B
:102480004B449A4503D98021490289464844190C96
:10249000894641460904090C8846390061431B04FA
:1024A0004344884661464C4371438C4641467743DA
:1024B0000E0C3F19F6194844B44203D98021490251
:1024C0008946CC440299009F894631044F4489468D
:1024D0004146974292410C04240C4C44FF1852424E
:1024E0006419A1189F429B41884682465B429946E7
:1024F00090459241AC42A441C244D144524264420C
:10250000144399459B41824592415B425242134399
:102510004A46360CA419E31863445B02D20D1A43F1
:10252000019992467A020A43501E8241FF0D1743D9
:102530004A4652021743B846DB0100D5EDE60D4B83
:10254000039A5B449146002B00DCACE03A00520752
:1025500000D110E70F2258463A40042A00D0F9E68D
:1025600009E7C046FF07000001FCFFFFFFFFFFFE79
:10257000FE070000FF030000220032436FD0002C52
:1025800000D1C2E02000FEF7D1FC020003000B3AAC
:102590001D20821A30001900D04008398C400200FA
:1025A000224334008C405946CB1A86498B469B44C3
:1025B0000A2D00DDA4E64946009B01945940CBB2A8
:1025C000140000200393022D00DD67E6FBE653466E
:1025D000034398463CD05346002B00D1A3E050461D
:1025E000FEF7A4FC0B235B429C46020084441100CE
:1025F0005046083988401D23804660461B1A20003B
:10260000D8400300404603439A4623008B40984637
:102610006C4B00259B1A9B46002302931AE60F2D54
:1026200000D0C9E0802352461B031A4202D01C424C
:1026300000D192E08024534624031C4324034246E5
:10264000240B3EE69B46032380460C25029301E6BD
:1026500000239A469B46013304250293FAE50121A3
:102660000D430A2D00DD4BE6494600984140C9B2B2
:102670000391022D00DC96E0002300240120019349
:102680000CE649460223009A2B435140CAB20392FA
:102690000A2B00DD34E6002D57D1039B9946002418
:1026A0000022494B0EE658460121C91A382900DD9F
:1026B0002FE61F2956DD1F2254465242D31ADC4012
:1026C000202907D0414B42469C46534660448340F4
:1026D0001A43904642460721531E9A410B0022435B
:1026E00013400024114209D00F231340042B5DD066
:1026F000111D91429B410A005B425B07D2081A43BD
:102700000023DFE5039B9946FAE50198FEF70EFCEE
:1027100002000300153220331C2A00DC38E7019A3E
:10272000083882403FE7FEF701FC15239C468444AD
:102730000200634620321C2B00DC58E70023984639
:102740002300083883409A4662E71D0000230024D6
:1027500002200193A2E5029032E61C43009B019AFD
:102760009946AEE51A4B5246C31840469A40C840B7
:102770000243404698400300581E834154461A4382
:10278000CC40530709D00F231340042B05D0131D51
:10279000934292415242A4181A00230208D5012301
:1027A000002400228EE5894600248BE50023A5E75E
:1027B00063076402240BA1E7009BA2469946019B94
:1027C000984637E70DFCFFFFFF0700003E040000BE
:1027D0001E040000F0B557464E464546DE46E0B5BD
:1027E00083B0009001910C034D00CE0F610A009C54
:1027F0005F00640F0C43009900920193C800190315
:102800007B0D9946019BCC4FDB0F9C464B0A0099F0
:102810008046490F1943009B8B46DA0092466D0DA6
:10282000B94500D1BFE00123614659404B468C4673
:10283000EB1A8E4275D0002B00DCA3E2494600293A
:1028400000D1CEE0BD4200D100E20127382B19DCD7
:10285000802759463F0439438B461F2B00DDFAE1A0
:102860002027F91A8C4659466746B9400F001100D7
:10287000D9400F4361468A40511E8A415946D9408A
:102880001743641AC71BB84280414042241A2302EE
:1028900000D440E16402640A002C00D154E120001D
:1028A000FEF744FB0300083B20213800CA1AD04041
:1028B0009C4002009F4022439D4200DDA6E1581B40
:1028C0000130091A3C008F40C4407B1E9F41130019
:1028D0008B4027431F43C2403B0014000025134395
:1028E00000D1F7E17B0700D177E30F2338003B40AD
:1028F000042B04D0381DB842BF417F42E4192302A3
:1029000000D468E38C4B01359D4200D1F4E08B4B41
:102910006D051C406D0D6707C00864020743240B5A
:10292000ECE0002B00DC29E34946002900D0D6E08A
:102930005946114300D12EE1591E012B00D1E6E189
:10294000BB4200D182E101270B00382914DC1F2B88
:1029500000DD3CE22027F91A8C4659466746B9400B
:102960000F001100D9400F4361468A40511E8A4131
:102970005946D940174364183F1887428041404266
:102980002418230200D4C6E06B4B01359D4200D1D0
:10299000B2E00121694B7A081C4039400A43E7073D
:1029A000174364089EE7664B11438A46EB180029DB
:1029B00028D066452CD0002B5BD0002D00D12CE117
:1029C0005B4666465F07D2081743DD083B002B4392
:1029D00000D1E2E0802424032C432403564D240B31
:1029E0008CE05946114300D1D5E0591E012B00D18E
:1029F000B9E1BB4200D1B1E101270B00382900DD6C
:102A000040E72AE76146012779408C466645D2D1E6
:102A1000002B00D1C5E0002D00D055E14B4625002C
:102A2000054300D112E2591E8C46012B00D149E228
:102A3000414DAB4200D18FE20127382911DC6346BA
:102A40001F2B00DD5BE26146202327005B1A050097
:102A500098409F40CD40431E9841CC402F430743B0
:102A6000A344BF189742924152425A4414004D4623
:102A700087E7344F6B1C3B4200D0B6E05946230039
:102A800011430F000343002D00D026E1002B00D19D
:102A9000C0E1002900D1A1E0831A98465B46404579
:102AA000AD41E31A6D425B1B80252D042B4200D102
:102AB0004BE15B46101A824292411C1B0700012623
:102AC00063465242A41A27431E40002F00D142E120
:102AD0002C4200D16DE2194B01251C401BE7BD4281
:102AE00000D13BE10127382B00DD45E7802759461F
:102AF0003F0439438B462AE7002400272D05254350
:102B0000F60735433800290003B0F0BCBB46B24697
:102B1000A946A046F0BD7B0704D00F233B40042B01
:102B200000D0E7E62B00F808034A67070743E508EB
:102B3000934200D14AE7A5E0FF070000FFFF7FFFB7
:102B400001F8FFFFFE0700003800FEF7EFF9030071
:102B500018331F2B00DCA7E63A00083882409D425C
:102B600000DD8AE05B1B581C1F2800DCD8E1170041
:102B70001F3BDF40202805D040231B1A9A40531EDC
:102B80009A4117430025002F00D1E5E07B0700D0D4
:102B9000ABE62C00C6E7C008C6E700270024D14DED
:102BA000ACE7D14F6B1C3B4271D123000343002D96
:102BB00000D04EE15746002B00D1B5E1002F0DD0DB
:102BC0008318834280415C4440422418220200D58D
:102BD000C8E11F009846274300D1BCE04346670781
:102BE000DB081F43E50800234CE0831A98465B4648
:102BF0004045BF41E31A7F42DB1B1F027CD447469E
:102C00001F4300D1A6E01C00474645E6B74CED1A2D
:102C100014407B0700D080E784E74B46250005433E
:102C200066D05F1E012B00D1FCE0AE4DAB4200D15F
:102C30005EE16646382F00DCB4E00120171ABA4284
:102C400092415B4652424D469C1A20E66707C008F7
:102C50000743E508BAE61F005946203FF9400F0038
:102C6000202B05D04021CB1A594699400A43924661
:102C700053465A1E93411F4304E6EB1A9B4D1540E1
:102C80006F07ED082C035D05240B6D0D36E7954DA0
:102C9000AB4200D1D6E082182100824280415944E3
:102CA00040420818C707520817434408520700D487
:102CB00085E10F221D003A40042A00D01AE6FF08E1
:102CC000640727430509DDE75B46D2085F07174322
:102CD000DD087BE60027002410E7002B00D0D6E0BB
:102CE000002900D02FE1802400267E4D240305E733
:102CF00066465C46D00817E75B46171ABA4292410F
:102D00001C1B012663465242A41A1E40C4E58318C8
:102D1000834280415C44404225182A0200D4DAE014
:102D2000724A5B081540EA071A4369085B0700D43A
:102D30004AE10F231340042B00D1FCE0171D9742FA
:102D4000A441644202256418ECE647461C001F4378
:102D500000D043E7002600250024CFE6C00867071F
:102D60000743E50832E6871A5B46B8428041E41A19
:102D70004042241A230228D46307FF081F43E508B2
:102D800001237FE7002B00D173E64B465F1B3B001E
:102D9000002D00D142E7382F00DDECE080230E004B
:102DA0001B041C431F2F25DC20252300ED1B0100E5
:102DB000A840AB40F940451EA8410B43FC401843D6
:102DC0005B461B1B9B4639E76646012562E51F00F3
:102DD0005946203FF9408C46202B05D040275946C4
:102DE000FB1A99400A43924657467B1E9F41634611
:102DF0001F43C1E53B002500203BDD40202F04D0D0
:102E00004023DB1B9C40204380464046431E9841A4
:102E1000284313E700299DD0012663465C4690466F
:102E20001E40DBE6171A5B46BA4292411C1B524217
:102E3000A41A2302C8D46307FF081F436646012370
:102E4000E5081FE71D000024002757E65C46D00870
:102E50006AE6002B00D137E75346C00867070743EF
:102E6000E508002B00D1B1E580231B031D4208D0EB
:102E70005946C808184204D1D20849070A43170026
:102E800005007B0FFF00FF085B071F439EE5C0089E
:102E900063071843E508002953D080231B031D4214
:102EA0000AD05946CC081C4206D1012663462500AB
:102EB000D008490708431E40470FC000C0087F07DD
:102EC000074383E58318934292415C445242A5181C
:102ED0002A0200D524E76F07DB081F43ED08012312
:102EE000D0E6C046FF070000FE070000FFFF7FFF9F
:102EF0005B46D2085F0766461743DD0866E5250096
:102F0000203BDD406346202B05D0402361465B1A01
:102F10009C402043804647467B1E9F412F43A0E5AF
:102F200020210027091AD2E4002F00D113E75C46C4
:102F300017000025F6E5D708490702230F432D099E
:102F4000A0E6070042E55B4601265F07DD08634611
:102F5000D20817431E4039E55B46D2085F07174386
:102F6000DD0833E51E4ADB082240570752020125DF
:102F70001F43140BC2E50E0001205FE6002B0DD0AD
:102F80004B465B1B9C46002D00D148E50127382BA2
:102F900000DD66E580231B041C4350E56B1C114DCE
:102FA0002B4200D073E65946230011438A4603435F
:102FB00000E66707C00800230743E50862E66407E8
:102FC000FF08274305095DE6D208490711430F00B2
:102FD00002232D0956E60700A4E538008FE4C04619
:102FE000FFFF7FFFFE070000F0B5C6461E03360B4D
:102FF000B0460D4E0C034D005F0000B5240B6D0D67
:103000007F0DB5420BD0084900208F4204D14646BF
:1030100016433000431E984180BCB846F0BD0443BF
:103020000120002CF8D1EEE7FF0700000B000200A2
:1030300070B5164D0C0382B0490000200092019338
:10304000240B490DDE0FA94204DD1148814203DD46
:10305000104BF01802B070BD8020400320430E4C8E
:10306000641A1F2C08DD0D4B5B1AD8400300584230
:10307000002EEFD11800EDE7094B009A9C460300A3
:1030800061448B40E2401343F1E7C046FE03000079
:103090001D040000FFFFFF7F330400001304000045
:1030A000EDFBFFFF70B5002816D0C317C5185D40B3
:1030B000C40F2800FDF73AFF104B1B1A5B055B0D90
:1030C0000A2814DC02002E00153296400B22121A38
:1030D000D5402D032D0B03E00024002300250026FE
:1030E0001B052B43E40723433000190070BD0B3848
:1030F00085402D0300262D0BF2E7C0461E0400007C
:1031000010B5041E10D0FDF711FF0E4B1B1A5B0506
:103110005B0D0A280FDC0B222100121AD14015305A
:103120000A038440120B01E0002300221B05134315
:103130002000190010BD22000B3882401203002429
:10314000120BF3E71E04000080B500AFC046BD4679
:1031500080BD000080B582B000AF78607B68002B36
:1031600001D1012359E17B685B6D002B0AD17B689B
:1031700000229A657B685022002199547B681800D0
:1031800005F0CAFB7B685B6D10221340102B05D045
:103190007B681B689B68042213400BD07B685B6DC7
:1031A00010221A437B685A657B685022002199548B
:1031B000012332E17B685B6D9A4A134002221A4375
:1031C0007B685A657B681B689B6803221340012B50
:1031D00008D17B681B681B6801221340012B01D1B9
:1031E000012300E00023002B49D17B685A68C023EB
:1031F0001B069A420BD07B685A688023DB059A42F3
:1032000005D07B685A6880231B069A4211D17B68DF
:103210001B681A697B681B68920092081A617B68B8
:103220001B6819697B685A687B681B680A431A61C6
:1032300014E07B681B681A697B681B68920092081F
:103240001A61794B1A68784B78490A401A60764BB4
:1032500019687B685A68744B0A431A607B681B685C
:10326000DA687B681B6818218A43DA607B681B6810
:10327000D9687B689A687B681B680A43DA606A4B86
:103280001A68694B6A490A401A60674B19687B687B
:103290005B6B5A06644B0A431A607B681B689A682A
:1032A00080235B05134008D17B681B689A687B68A4
:1032B0001B68802149050A439A607B681B68DA68AD
:1032C0007B681B685B490A40DA607B681B68D968C9
:1032D0007B68DA687B681B69022B01D1042300E05C
:1032E00000231A437B6820201B5C5B031A437B6826
:1032F0002C201B5C5B001A437B681B6B1A437B68AA
:103300009B699B031A437B68DB69DB031A437B6879
:103310001B680A43DA607B685A6AC223FF339A4209
:103320000BD07B681B68D9687B685A6A7B689B6A8C
:103330001A437B681B680A43DA607B6821229B5C26
:10334000012B1AD17B6820229B5C002B09D17B6862
:103350001B68DA687B681B68802149020A43DA60CF
:103360000BE07B685B6D20221A437B685A657B68A3
:103370009B6D01221A437B689A657B68DB6B012B8E
:103380001FD17B681B681A697B681B682A490A4041
:103390001A617B681B6819697B681A6C7B685B6CB7
:1033A0001A437B689B6C1A437B681B680A431A614B
:1033B0007B681B681A697B681B6801210A431A61D4
:1033C0000EE07B681B681B6901221340012B07D1AB
:1033D0007B681B681A697B681B6801218A431A6134
:1033E0007B681B685A697B681B6807218A435A619E
:1033F0007B681B6859697B689A6B7B681B680A430A
:103400005A617B6800229A657B685B6D0322934357
:1034100001221A437B685A6500231800BD4602B09A
:1034200080BDC046FDFEFFFF08270140FFFFC3FF30
:10343000FFFFFFFD1902FEFF03FCFFFF90B585B003
:1034400000AF78600F23FB1800221A707B681B689E
:103450009B680422134038D17B6850229B5C012B6F
:1034600001D1022338E07B685022012199547B6806
:10347000DB69012B07D00F23FC187B68180000F0D4
:1034800061FA030023700F23FB181B78002B20D157
:103490007B685B6D124A1340802252001A437B689E
:1034A0005A657B6800229A657B68502200219954F6
:1034B0007B681B681C221A607B681B689A687B68A3
:1034C0001B6804210A439A6003E00F23FB180222C1
:1034D0001A700F23FB181B781800BD4605B090BD6D
:1034E000FEF0FFFFB0B584B000AF78600F23FB188B
:1034F00000221A707B6850229B5C012B01D10223B1
:1035000029E07B685022012199540F257C197B68A2
:10351000180000F0E6FA030023707B191B78002BDB
:1035200012D17C197B68180000F074FA0300237034
:103530007B191B78002B07D17B685B6D084A134011
:1035400001221A437B685A657B68502200219954F6
:103550000F23FB181B781800BD4604B0B0BDC04651
:10356000FEFEFFFF80B584B000AF786039600023B5
:10357000BB600023FB607B685B69082B02D10823DA
:10358000FB6014E07B681B68DB6801221340012BA1
:103590000BD17B685B6D20221A437B685A657B6880
:1035A000502200219954012372E00C23FB6000F0AB
:1035B0006BFB0300BB601FE03B6801331CD03B6822
:1035C000002B07D000F060FB0200BB68D31A3A68FA
:1035D0009A4211D27B681B681B68FA6813400BD1B2
:1035E0007B685B6D04221A437B685A657B685022B6
:1035F0000021995403234BE07B681B681B68FA6821
:103600001340D9D07B685B6D802292001A437B689F
:103610005A657B681B68DA68C0231B0113402ED1F2
:103620007B6820229B5C002B29D17B681B681B6870
:1036300008221340082B22D17B681B689B68042258
:10364000134010D17B681B685A687B681B680C218B
:103650008A435A607B685B6D0F4A134001221A430C
:103660007B685A650BE07B685B6D20221A437B68A0
:103670005A657B689B6D01221A437B689A657B685B
:103680009B69002B03D17B681B680C221A60002306
:103690001800BD4604B080BDFEFEFFFF80B582B0BD
:1036A00000AF78607B681B681B6C1800BD4602B0D9
:1036B00080BD000080B584B000AF78607B681B6877
:1036C0001B68FB607B681B685B68BB60FB6804224F
:1036D000134003D0BB680422134007D1FB680822C3
:1036E00013404ED0BB68082213404AD07B685B6D04
:1036F0001022134006D17B685B6D802292001A4332
:103700007B685A657B681B68DA68C0231B0113401D
:103710002BD17B6820229B5C002B26D1FB680822E2
:10372000134022D07B681B689B680422134010D191
:103730007B681B685A687B681B680C218A435A6047
:103740007B685B6D2F4A134001221A437B685A65E0
:103750000BE07B685B6D20221A437B685A657B68AF
:103760009B6D01221A437B689A657B68180000F004
:103770004BF87B689B69012B03D07B681B680C228C
:103780001A60FB688022134012D0BB68802213406D
:103790000ED07B685B6D802252021A437B685A65AB
:1037A0007B68180000F038F87B681B6880221A607C
:1037B000FB681022134020D0BB68102213401CD09D
:1037C0007B681B6B002B06D07B681B68DB680122C3
:1037D0001340012B0DD17B689B6D02221A437B683D
:1037E0009A657B681B6810221A607B68180000F0DD
:1037F0001BF87B681B6810221A60C046BD4604B0E7
:1038000080BDC046FEFEFFFF80B582B000AF78608D
:10381000C046BD4602B080BD80B582B000AF7860C2
:10382000C046BD4602B080BD80B582B000AF7860B2
:10383000C046BD4602B080BD80B582B000AF7860A2
:1038400039607B6850229B5C012B01D102236CE024
:103850007B685022012199547B681B689B68042275
:1038600013400BD07B685B6D20221A437B685A653E
:103870007B68502200219954012356E03B685B6825
:103880002C4A934228D07B681B68996A3B681B6866
:103890005B035A0B7B681B680A439A623B681A6891
:1038A0008023DB02134009D0234B1A68224B80216E
:1038B00009040A431A600A2000F060F93B681A689C
:1038C00080239B0213402BD01B4B1A681A4B80217C
:1038D000C9030A431A6023E07B681B689A6A3B6845
:1038E0001B685B035B0BD9437B681B680A409A62C9
:1038F0003B681A688023DB02134005D00E4B1A6820
:103900000D4B0E490A401A603B681A6880239B02DF
:10391000134005D0084B1A68074B09490A401A6042
:103920007B6850220021995400231800BD4602B044
:1039300080BDC0460110000008270140FFFF7FFF47
:10394000FFFFBFFF80B584B000AF78600023FB604D
:103950007B681B689B6803221340012B08D17B689E
:103960001B681B6801221340012B01D1012300E0D9
:103970000023002B46D17B681B689B68244A1340B8
:103980000DD07B685B6D10221A437B685A657B689B
:103990009B6D01221A437B689A65012333E07B68A3
:1039A0001B689A687B681B6801210A439A600120A2
:1039B00000F0E4F800F068F90300FB601BE000F0A1
:1039C00063F90200FB68D31A0A2B14D97B681B68C1
:1039D0001B6801221340012B0DD07B685B6D102208
:1039E0001A437B685A657B689B6D01221A437B688A
:1039F0009A65012307E07B681B681B68012213405E
:103A0000012BDCD100231800BD4604B080BDC046A8
:103A10001700008080B584B000AF78600023FB60A1
:103A20007B681B689B6803221340012B08D17B68CD
:103A30001B681B6801221340012B01D1012300E008
:103A40000023002B48D07B681B689B68052213402D
:103A5000012B10D17B681B689A687B681B68022168
:103A60000A439A607B681B6803221A6000F00CF915
:103A70000300FB6029E07B685B6D10221A437B68C2
:103A80005A657B689B6D01221A437B689A65012306
:103A900023E000F0F9F80200FB68D31A0A2B14D9CE
:103AA0007B681B689B6801221340012B0DD17B684A
:103AB0005B6D10221A437B685A657B689B6D0122FF
:103AC0001A437B689A65012307E07B681B689B6843
:103AD00001221340012BDCD000231800BD4604B0A6
:103AE00080BD80B584B000AF78600023FB607B6848
:103AF0001B689B68042213403AD07B681B689B6854
:103B000004221340042B0DD17B681B689B680222A2
:103B1000134007D17B681B689A687B681B6810217B
:103B20000A439A6000F0B0F80300FB601AE000F06E
:103B3000ABF80200FB68D31A0A2B13D97B681B6809
:103B40009B68042213400DD07B685B6D10221A43E2
:103B50007B685A657B689B6D01221A437B689A6576
:103B6000012306E07B681B689B6804221340DED1BA
:103B700000231800BD4604B080BD000080B584B0AD
:103B800000AF78600B4B1B680B491800FCF7BCFAC0
:103B900003001A007B685343FB6002E0FB68013BB3
:103BA000FB60FB68002BF9D1C046C046BD4604B09F
:103BB00080BDC0460000002040420F0080B582B0AA
:103BC00000AFFB1D00221A700B4B1A680A4B4021F4
:103BD0000A431A60032000F011F8031E03D0FB1DF6
:103BE00001221A7001E005F0D1FAFB1D1B781800C4
:103BF000BD4602B080BDC0460020024090B583B0F3
:103C000000AF7860144B1C68144B1B781900FA2322
:103C10009800FCF779FA030019002000FCF774FA09
:103C20000300180001F035FC031E01D001230FE052
:103C30007B68032B0BD8796801235B4200221800B4
:103C400001F002FC064B7A681A60002300E00123B1
:103C50001800BD4603B090BD000000200800002001
:103C60000400002080B500AF054B1B781A00054BFF
:103C70001B68D218034B1A60C046BD4680BDC046C3
:103C800008000020F001002080B500AF024B1B6847
:103C90001800BD4680BDC046F001002080B584B04C
:103CA00000AF7860FFF7F0FF0300BB607B68FB604C
:103CB000FB68013305D00A4B1B781A00FB689B1880
:103CC000FB60C046FFF7E0FF0200BB68D31AFA684A
:103CD0009A42F7D8C046C046BD4604B080BDC04633
:103CE0000800002080B584B000AF78607B68002BAE
:103CF00001D101233DE07B681B68204A1A607B6884
:103D00001B681F4A1A607B681B687A6852685A6091
:103D10007B681B687A6892689A60FFF7B5FF0300BA
:103D2000FB600EE0FFF7B0FF0200FB68D31A2A2BFE
:103D300007D97B681B68DB680722134001D0032387
:103D400017E07B681B68DB6807221340EAD17B68B9
:103D50001B681A697B68DB689A4205D07B681B6820
:103D60007A68D2681A6103E07B681B68054A1A60AA
:103D700000231800BD4604B080BDC046CCCC000076
:103D800055550000AAAA000080B582B000AF786047
:103D90007B681B68034A1A6000231800BD4602B006
:103DA00080BDC046AAAA0000B0B58AB000AF786056
:103DB0007B68002B02D1012300F05AFBCE4BDB685D
:103DC0000C2213403B62CC4BDA6880235B02134029
:103DD000FB617B681B680122134000D17CE03B6AD9
:103DE000082B07D03B6A0C2B11D1FA6980235B02A8
:103DF0009A420CD1C04B1A6880239B02134000D119
:103E000069E07B685B68002B65D1012330E37B6848
:103E10005A6880235B029A4207D1B74B1A68B64BA7
:103E2000802149020A431A6027E07B685A68A02370
:103E3000DB029A420ED1B04B1A68AF4B8021C90207
:103E40000A431A60AC4B1A68AB4B802149020A4303
:103E50001A6012E0A84B1A68A74BA8490A401A60DA
:103E6000A54B1A6880235B021340FB60FB68A24BE2
:103E70001A68A14BA2490A401A607B685B68002B54
:103E800014D0FFF701FF0300BB6108E0FFF7FCFE61
:103E90000200BB69D31A642B01D90323E8E2964BD5
:103EA0001A6880239B021340F0D015E0FFF7ECFE68
:103EB0000300BB6108E0FFF7E7FE0200BB69D31A0D
:103EC000642B01D90323D3E28B4B1A6880239B0216
:103ED0001340F0D100E0C0467B681B68022213400B
:103EE00000D18BE07B68DB687B613B6A042B05D0EB
:103EF0003B6A0C2B3ED1FB69002B3BD17E4B1B68F0
:103F00000422134004D07B69002B01D10123AFE2CE
:103F1000794B5B687B4A134019007B681B691A0266
:103F2000754B0A435A60744B1B680922934319006E
:103F3000714B7A690A431A6000F0E8FB01006E4B8E
:103F4000DB681B090F2213406F4AD35C0A00DA407A
:103F50006E4B1A606E4B1B6813257C191800FFF717
:103F60004DFE030023707B191B78002B46D07B1974
:103F70001B787DE27B69002B27D05F4B1B680922F1
:103F8000934319005C4B7A690A431A60FFF77CFE81
:103F90000300BB6108E0FFF777FE0200BB69D31A9C
:103FA000022B01D9032363E2534B1B680422134005
:103FB000F1D0514B5B68534A134019007B681B6971
:103FC0001A024D4B0A435A6018E04B4B1A684A4B91
:103FD00001218A431A60FFF757FE0300BB6108E026
:103FE000FFF752FE0200BB69D31A022B01D903234B
:103FF0003EE2414B1B6804221340F1D17B681B68F1
:104000001022134000D1A1E03B6A002B40D13A4B73
:104010001A6880239B00134005D07B689B69002BA6
:1040200001D1012324E2344B5B683A4A1340190062
:104030007B681A6A304B0A435A602F4B5B681B023D
:10404000190A7B68DB691A062B4B0A435A607B68A6
:104050001B6A5B0B0133802212029A40264BDB68FD
:104060001B090F210B402849CB5CDA40274B1A6013
:10407000274B1B6813257C191800FFF7BFFD0300B1
:1040800023707B191B78002B60D07B191B78EFE124
:104090007B689B69002B3FD0174B1A68164B802119
:1040A00049000A431A60FFF7EFFD0300BB6108E017
:1040B000FFF7EAFD0200BB69D31A022B01D90323E3
:1040C000D6E10D4B1A6880239B001340F0D00A4BB9
:1040D0005B68104A134019007B681A6A064B0A4352
:1040E0005A60054B5B681B02190A7B68DB691A067C
:1040F000014B0A435A6029E000100240FFFFFEFF17
:10410000FFFFFBFFFFE0FFFF9CBE00080000002058
:1041100004000020FF1FFFFFBE4B1A68BD4BBE49C5
:104120000A401A60FFF7B0FD0300BB6108E0FFF72B
:10413000ABFD0200BB69D31A022B01D9032397E11F
:10414000B44B1A6880239B001340F0D17B681B6836
:104150000822134036D07B685B69002B19D0AD4B29
:104160001A6DAC4B01210A431A65FFF78DFD030060
:10417000BB6108E0FFF788FD0200BB69D31A022B80
:1041800001D9032374E1A34B1B6D02221340F1D02C
:1041900018E0A04B1A6D9F4B01218A431A65FFF767
:1041A00073FD0300BB6108E0FFF76EFD0200BB6911
:1041B000D31A022B01D903235AE1964B1B6D02221D
:1041C0001340F1D17B681B680422134000D1AEE09C
:1041D00027203B1800221A708E4B9A6B80235B05B8
:1041E000134009D18B4B9A6B8A4B802149050A43B6
:1041F0009A633B1801221A70884B1A6880235B006F
:1042000013401AD1854B1A68844B802149000A4318
:104210001A60FFF739FD0300BB6108E0FFF734FDCA
:104220000200BB69D31A642B01D9032320E17B4B25
:104230001A6880235B001340F0D07B689A68802363
:104240005B009A4207D1734B1A6D724B8021490073
:104250000A431A6531E07B689B68002B0CD16D4BDB
:104260001A6D6C4B6C490A401A656A4B1A6D694BA2
:104270006B490A401A6520E07B689A68A023DB003E
:104280009A420ED1634B1A6D624B8021C9000A43DA
:104290001A65604B1A6D5F4B802149000A431A650D
:1042A0000BE05C4B1A6D5B4B5B490A401A65594B3E
:1042B0001A6D584B5A490A401A657B689B68002B57
:1042C00015D0FFF7E1FC0300BB6109E0FFF7DCFC60
:1042D0000200BB69D31A534A934201D90323C7E0B2
:1042E0004C4B1A6D80239B001340EFD014E0FFF776
:1042F000CBFC0300BB6109E0FFF7C6FC0200BB6911
:10430000D31A484A934201D90323B1E0414B1A6DB5
:1043100080239B001340EFD12723FB181B78012B30
:1043200005D13C4B9A6B3B4B3F490A409A637B68F3
:104330005B6A002B00D19AE03B6A0C2B64D07B684F
:104340005B6A022B45D1334B1A68324B37490A401E
:104350001A60FFF799FC0300BB6108E0FFF794FCCB
:104360000200BB69D31A022B01D9032380E0294B39
:104370001A6880239B041340F0D1264BDB682C4A3B
:10438000134019007B689A6A7B68DB6A1A437B6872
:104390001B6B1A431F4B0A43DA601E4B1A681D4BF6
:1043A000802149040A431A60FFF76EFC0300BB61D9
:1043B00008E0FFF769FC0200BB69D31A022B01D9A0
:1043C000032355E0134B1A6880239B041340F0D05D
:1043D0004DE0104B1A680F4B14490A401A60FFF762
:1043E00053FC0300BB6108E0FFF74EFC0200BB6911
:1043F000D31A022B01D903233AE0064B1A68802313
:104400009B041340F0D132E07B685B6A012B11D131
:1044100001232DE000100240FFFEFFFF007000406E
:10442000FFFBFFFF88130000FFFFFFEFFFFFFFFE12
:10443000FFFF02FF104BDB68FB61FA6980235B0220
:104440001A407B689B6A9A420FD1FA69F0239B035A
:104450001A407B68DB6A9A4207D1FA69C0231B04C1
:104460001A407B681B6B9A4201D0012300E00023B5
:104470001800BD460AB0B0BD00100240B0B584B00F
:1044800000AF786039607B68002B01D1012328E1FF
:10449000964B1B68012213403A689A421ED9934BEF
:1044A0001B68012293431900904B3A680A431A6033
:1044B000FFF7EAFB0300FB6009E0FFF7E5FB020002
:1044C000FB68D31A8A4A934201D9032309E1874B37
:1044D0001B68012213403A689A42EED17B681B6840
:1044E0000222134009D0834BDB68F022934319006A
:1044F0007B689A687F4B0A43DA607B681B680122FD
:10450000134000D189E07B685B68022B07D1794BAF
:104510001A6880239B02134020D10123E1E07B68CD
:104520005B68032B07D1734B1A6880239B041340ED
:1045300014D10123D5E07B685B68012B06D16D4B5C
:104540001B680422134009D10123CAE0694B1A6891
:1045500080239B00134001D10123C2E0654BDB683F
:104560000322934319007B685A68624B0A43DA605E
:10457000FFF78AFB0300FB607B685B68022B11D1AD
:1045800009E0FFF781FB0200FB68D31A584A934207
:1045900001D90323A5E0574BDB680C221340082BFD
:1045A000EFD13AE07B685B68032B11D109E0FFF79C
:1045B0006BFB0200FB68D31A4D4A934201D90323D7
:1045C0008FE04C4BDB680C2213400C2BEFD124E026
:1045D0007B685B68012B1BD109E0FFF755FB0200EC
:1045E000FB68D31A424A934201D9032379E0414B35
:1045F000DB680C221340042BEFD10EE0FFF744FBE5
:104600000200FB68D31A3A4A934201D9032368E0B7
:10461000384BDB680C221340F0D1344B1B6801226D
:1046200013403A689A421ED2304B1B6801229343D2
:1046300019002E4B3A680A431A60FFF725FB030066
:10464000FB6009E0FFF720FB0200FB68D31A284A51
:10465000934201D9032344E0244B1B6801221340F9
:104660003A689A42EED17B681B680422134009D055
:10467000204BDB68204A134019007B68DA681D4B29
:104680000A43DA607B681B68082213400AD0194B82
:10469000DB681A4A134019007B681B69DA00154B66
:1046A0000A43DA6000F032F80100124BDB681B09A4
:1046B0000F221340124AD35C0A00DA40114B1A60F1
:1046C000114B1B680B257C191800FFF797FA0300A4
:1046D00023707B191B78002B02D07B191B7800E01C
:1046E00000231800BD4604B0B0BDC0460020024003
:1046F0008813000000100240FFF8FFFFFFC7FFFF14
:104700009CBE0008000000200400002080B586B098
:1047100000AF3C4BDB68FB60FB680C2213400C2BAA
:1047200013D05CD8042B02D0082B0BD057E0354BAC
:104730001B681022134002D0334B3B615DE0334BCA
:104740003B615AE0324B3B6157E0FB689B0C0F2208
:104750001340304AD35CBB60FB689B0D03221340BF
:1047600001337B60274BDA6880235B0213400FD054
:10477000B9680A005201521A93019B1ADB005B18B8
:104780005B0279681800FBF7BFFC03007B6123E044
:104790001C4B1B68102213400FD0B9680A0052014D
:1047A000521A93019B1ADB005B181B0279681800F0
:1047B000FBF7AAFC03007B610EE0B9680A00520116
:1047C000521A93019B1ADB005B189B027968180050
:1047D000FBF79AFC03007B617B693B610DE0094BB1
:1047E0005B685B0B072213403B603B680133802210
:1047F00012029A4013003B61C0463B691800BD4657
:1048000006B080BD0010024000093D000024F40005
:1048100000127A00B4BE000880B500AF024B1B68DE
:104820001800BD4680BDC0460000002080B500AF26
:10483000FFF7F2FF0100064BDB681B0A072213405B
:10484000044AD35CD9400B001800BD4680BDC04669
:1048500000100240ACBE000880B500AFFFF7DCFFDF
:104860000100064BDB68DB0A07221340044AD35CD5
:10487000D9400B001800BD4680BDC0460010024064
:10488000ACBE000880B586B000AF786017203B183A
:1048900000221A707B681B682022134000D1C7E0F9
:1048A0008B4B9A6B80235B05134009D1884B9A6B25
:1048B000874B802149050A439A633B1801221A70ED
:1048C000844B1A6880235B0013401AD1814B1A680D
:1048D000804B802149000A431A60FFF7D5F9030095
:1048E0003B6108E0FFF7D0F902003B69D31A642B63
:1048F00001D90323E8E0774B1A6880235B0013405B
:10490000F0D0734B1A68C0239B031340FB607B6895
:104910005A68C0239B031340FA689A4213D07B68FD
:104920005A68C0239B021A40C0239B029A420AD1B4
:10493000674B1A6880239B021A4080239B029A428D
:1049400001D10123C0E0624B1A6DC0239B021340CA
:10495000FB60FB68002B3BD07B685A68C0239B023E
:104960001340FA689A4233D07B681B6820221340B8
:104970002ED0574B1B6D584A1340FB60544B1A6D99
:10498000534B802109030A431A65514B1A6D504B52
:1049900052490A401A654E4BFA681A65FA68802334
:1049A0005B00134014D0FFF76FF903003B6109E08F
:1049B000FFF76AF902003B69D31A494A934201D9C9
:1049C000032381E0424B1A6D80239B001340EFD0FC
:1049D0007B681B68202213401FD07B685A68C02365
:1049E0009B021A40C0239B029A420CD1384B1B6891
:1049F0003C4A134019007B685A68C0239B031A4045
:104A0000334B0A431A60324B196D7B685A68C023D6
:104A10009B021A402E4B0A431A651723FB181B787A
:104A2000012B05D12A4B9A6B294B2F490A409A63D7
:104A30007B681B680122134009D0254BDB6C0322E5
:104A4000934319007B689A68214B0A43DA647B68B8
:104A50001B680222134009D01D4BDB6C0C229343D0
:104A600019007B68DA681A4B0A43DA647B681B68B2
:104A70000422134009D0164BDB6C1C4A134019006A
:104A80007B681A69124B0A43DA647B681B68082248
:104A9000134009D00E4BDB6C154A134019007B689C
:104AA0005A690B4B0A43DA647B681B688022134007
:104AB00009D0074BDB6C0F4A134019007B689A69D9
:104AC000034B0A43DA6400231800BD4606B080BDDC
:104AD0000010024000700040FFFFFCFFFFFFF7FFE7
:104AE00088130000FFFFCFFFFFFFFFEFFFF3FFFF83
:104AF000FFCFFFFFFFFFF3FF80B586B000AF786008
:104B0000396000237B610023FB6000233B614FE1A0
:104B10003B681B6801217A6991400A001340FB60E1
:104B2000FB68002B00D140E13B685B680322134027
:104B3000012B05D03B685B6803221340022B30D168
:104B40007B689B683B617B695B0003229A40130092
:104B5000DA433B6913403B613B68DA687B695B0081
:104B60009A4013003A6913433B617B683A699A6043
:104B70007B685B683B6101227B699A401300DA43E2
:104B80003B6913403B613B685B681B0901221A408B
:104B90007B699A4013003A6913433B617B683A6929
:104BA0005A603B685B6803221340032B17D07B6875
:104BB000DB683B617B695B0003229A401300DA43A8
:104BC0003B6913403B613B689A687B695B009A4094
:104BD00013003A6913433B617B683A69DA603B68CA
:104BE0005B6803221340022B23D17B69DA087B68C0
:104BF00008329200D3583B617B69072213409B0027
:104C00000F229A401300DA433B6913403B613B6833
:104C10001A697B6907210B409B009A4013003A698F
:104C200013433B617B69DA087B680832920039697B
:104C3000D1507B681B683B617B695B0003229A4013
:104C40001300DA433B6913403B613B685B68032216
:104C50001A407B695B009A4013003A6913433B6139
:104C60007B683A691A603B685A68C0239B0213400C
:104C700000D19AE0544B5A6B534B01210A435A63BB
:104C8000524A7B699B0802339B009B583B617B69BE
:104C9000032213409B000F229A401300DA433B6922
:104CA00013403B617A68A023DB059A4219D07B68E8
:104CB000474A934213D07B68464A93420DD07B68A3
:104CC000454A934207D07B68444A934201D1052369
:104CD00008E0062306E0032304E0022302E00123A8
:104CE00000E000237A6903210A40920093403A6968
:104CF00013433B6135497B699B0802339B003A694A
:104D00005A50374B9B683B61FB68DA433B69134061
:104D10003B613B685A6880235B03134003D03A69C8
:104D2000FB6813433B612E4B3A699A602C4BDB685E
:104D30003B61FB68DA433B6913403B613B685A685F
:104D400080239B03134003D03A69FB6813433B6104
:104D5000234B3A69DA60224B5B683B61FB68DA43BC
:104D60003B6913403B613B685A6880239B021340B8
:104D700003D03A69FB6813433B61194B3A695A60A7
:104D8000174B1B683B61FB68DA433B6913403B618F
:104D90003B685A6880235B02134003D03A69FB6882
:104DA00013433B610E4B3A691A607B6901337B61A7
:104DB0003B681A687B69DA40131E00D0A8E6C0463B
:104DC000C046BD4606B080BD001002400000014054
:104DD0000004005000080050000C0050001C00505F
:104DE0000004014080B584B000AF78600A00BB1CAD
:104DF0001A807B681B69BA1C1288134004D00F23E9
:104E0000FB1801221A7003E00F23FB1800221A700E
:104E10000F23FB181B781800BD4604B080BD80B579
:104E200082B000AF786008001100BB1C021C1A8021
:104E30007B1C0A1C1A707B1C1B78002B04D0BB1C2B
:104E40001A887B689A6103E0BB1C1A887B689A62A7
:104E5000C046BD4602B080BD80B584B000AF78606A
:104E60007B68002B01D1012361E07B681B68324A1B
:104E70009446634414211800FBF746F903009A0096
:104E80007B685A647B682D4A1A647B68252202215C
:104E900099547B681B681B68FB60FB68284A1340B9
:104EA000FB607B689A687B68DB681A437B681B69D8
:104EB0001A437B685B691A437B689B691A437B686A
:104EC000DB691A437B681B6A1343FA681343FB6070
:104ED0007B681B68FA681A607B689A688023DB012C
:104EE0009A4218D0174B1A687B685B6C1C210B40E8
:104EF0000F2199400B00D943124B0A401A60114B05
:104F000019687B685A687B685B6C1C2003409A4078
:104F10000C4B0A431A607B680022DA637B68252207
:104F2000012199547B682422002199540023180000
:104F3000BD4604B080BDC046F8FFFDBF0000024082
:104F40000F80FFFFA800024080B586B000AFF86078
:104F5000B9607A603B601723FB1800221A70FB6867
:104F600024229B5C012B01D102234FE0FB68242209
:104F700001219954FB6825229B5CDBB2012B3AD1BD
:104F8000FB68252202219954FB680022DA63FB6842
:104F90001B681A68FB681B6801218A431A603B681A
:104FA0007A68B968F86800F074F9FB681B6B002B2D
:104FB00008D0FB681B681A68FB681B680E210A434F
:104FC0001A600FE0FB681B681A68FB681B68042105
:104FD0008A431A60FB681B681A68FB681B680A2111
:104FE0000A431A60FB681B681A68FB681B6801218A
:104FF0000A431A6007E0FB68242200219954172312
:10500000FB1802221A701723FB181B781800BD46E4
:1050100006B080BD80B584B000AF78600F23FB1868
:1050200000221A707B6825229B5CDBB2022B08D021
:105030007B680422DA637B682422002199540123CF
:1050400024E07B681B681A687B681B680E218A4312
:105050001A607B681B681A687B681B6801218A4399
:105060001A607B685B6C1C221A407B681B6C0121F8
:1050700091400A005A607B682522012199547B687F
:105080002422002199540F23FB181B781800BD46D9
:1050900004B080BD80B584B000AF78600F217B186C
:1050A00000221A707B6825229B5CDBB2022B06D0A3
:1050B0007B680422DA637B1801221A702AE07B687D
:1050C0001B681A687B681B680E218A431A607B681C
:1050D0001B681A687B681B6801218A431A607B6819
:1050E0005B6C1C221A407B681B6C012191400A00FA
:1050F0005A607B682522012199547B682422002173
:1051000099547B689B6B002B04D07B689B6B7A68FF
:10511000100098470F23FB181B781800BD4604B0F9
:1051200080BD80B584B000AF78607B681B6C1B6865
:10513000FB607B681B681B68BB607B685B6C1C2228
:10514000134004229A401300FA68134026D0BB682B
:105150000422134022D07B681B681B682022134066
:1051600007D17B681B681A687B681B6804218A4327
:105170001A607B685B6C1C221A407B681B6C0421E4
:1051800091400A005A607B681B6B002B00D171E0D4
:105190007B681B6B7A68100098476BE07B685B6CE0
:1051A0001C22134002229A401300FA6813402DD0AB
:1051B000BB680222134029D07B681B681B68202231
:1051C00013400BD17B681B681A687B681B680A2137
:1051D0008A431A607B682522012199547B685B6CA5
:1051E0001C221A407B681B6C022191400A005A6005
:1051F0007B682422002199547B68DB6A002B39D01C
:105200007B68DB6A7A681000984733E07B685B6CE8
:105210001C22134008229A401300FA6813402AD037
:10522000BB680822134026D07B681B681A687B681D
:105230001B680E218A431A607B685B6C1C221A4033
:105240007B681B6C012191400A005A607B68012237
:10525000DA637B682522012199547B68242200218E
:1052600099547B685B6B002B05D07B685B6B7A681D
:1052700010009847C046C046BD4604B080BD80B50A
:1052800082B000AF78607B68DB6B1800BD4602B06F
:1052900080BD80B584B000AFF860B9607A603B60D3
:1052A000FB685B6C1C221A40FB681B6C012191405F
:1052B0000A005A60FB681B683A685A60FB689B6882
:1052C000102B08D1FB681B687A689A60FB681B6822
:1052D000BA68DA6007E0FB681B68BA689A60FB6826
:1052E0001B687A68DA60C046BD4604B080BD000025
:1052F00080B582B000AF0200FB1D1A70FB1D1B7849
:105300007F2B09D8FB1D1B781A001F231A40044B62
:10531000012191400A001A60C046BD4602B080BD1E
:1053200000E100E090B583B000AF02003960FB1DE2
:105330001A70FB1D1B787F2B28D82F4AFB1D1B786A
:105340005BB29B08C0339B009B58FA1D127811007A
:1053500003220A40D200FF2191400A00D2431A40A2
:1053600011003B689B01FF221A40FB1D1B781800AF
:1053700003230340DB009A401F48FB1D1B785BB2F0
:105380009B080A43C0339B001A5031E01B4AFB1DA7
:105390001B7819000F230B40083B9B0806339B002A
:1053A000D31804331B68FA1D1278110003220A4037
:1053B000D200FF2191400A00D2431A4011003B68FD
:1053C0009B01FF221A40FB1D1B781800032303409A
:1053D000DB009A400948FB1D1B781C000F2323406B
:1053E000083B9B080A4306339B00C31804331A602A
:1053F000C046BD4603B090BD00E100E000ED00E016
:1054000080B582B000AF78607B685A1E80235B0451
:105410009A4201D3012310E00A4B7A68013A5A609C
:1054200001235B4203211800FFF77CFF054B00229C
:105430009A60044B07221A6000231800BD4602B090
:1054400080BDC04610E000E080B584B000AFB96018
:105450007A600F217B18021C1A70BA687B181B78BF
:105460005BB211001800FFF75DFFC046BD4604B0F7
:1054700080BD80B582B000AF0200FB1D1A70FB1D1D
:105480001B785BB21800FFF733FFC046BD4602B081
:1054900080BD80B582B000AF78607B681800FFF7F0
:1054A000AFFF03001800BD4602B080BD80B582B0DA
:1054B00000AF78607B68002B01D1012332E07B686C
:1054C00039229B5CDBB2002B07D17B68382200219C
:1054D00099547B68180003F095FB7B683922022100
:1054E00099547B681A687B6804331900100000F037
:1054F00025FB7B683E22012199547B683A220121D9
:1055000099547B683B22012199547B683C220121FC
:1055100099547B683D22012199547B6839220121ED
:10552000995400231800BD4602B080BD80B584B0F8
:1055300000AF78607B6839229B5CDBB2012B01D025
:10554000012336E07B683922022199547B681B686D
:10555000DA687B681B6801210A43DA607B681A6895
:105560008023DB059A4209D07B681B68134A93426B
:1055700004D07B681B68124A934211D17B681B6878
:105580009B6807221340FB60FB68062B10D07B68EA
:105590001B681A687B681B6801210A431A6007E0D0
:1055A0007B681B681A687B681B6801210A431A60C4
:1055B00000231800BD4604B080BDC046000801406D
:1055C0000014014080B582B000AF78607B68002B8A
:1055D00001D1012332E07B6839229B5CDBB2002BD6
:1055E00007D17B683822002199547B68180003F0AA
:1055F000B5FA7B683922022199547B681A687B6866
:1056000004331900100000F099FA7B683E22012152
:1056100099547B683A22012199547B683B220121ED
:1056200099547B683C22012199547B683D220121D9
:1056300099547B6839220121995400231800BD46F2
:1056400002B080BD80B584B000AF786039603B683F
:10565000002B08D17B683A229B5CDBB2013B5A1ECF
:105660009341DBB21FE03B68042B08D17B683B22EF
:105670009B5CDBB2013B5A1E9341DBB213E03B68FB
:10568000082B08D17B683C229B5CDBB2013B5A1E95
:105690009341DBB207E07B683D229B5CDBB2013BC0
:1056A0005A1E9341DBB2002B01D001234DE03B6831
:1056B000002B04D17B683A220221995413E03B6805
:1056C000042B04D17B683B22022199540BE03B68F8
:1056D000082B04D17B683C220221995403E07B68AB
:1056E0003D22022199547B681B6839680122180009
:1056F00000F082FB7B681A688023DB059A4209D0A0
:105700007B681B68134A934204D07B681B68124A6B
:10571000934211D17B681B689B6807221340FB6092
:10572000FB68062B10D07B681B681A687B681B68B7
:1057300001210A431A6007E07B681B681A687B68CE
:105740001B6801210A431A6000231800BD4604B0FB
:1057500080BDC046000801400014014080B582B001
:1057600000AF786039607B681B68396800221800D8
:1057700000F042FB7B681B681B6A164A134007D186
:105780007B681B681A687B681B6801218A431A6062
:105790003B68002B04D17B683A220121995413E025
:1057A0003B68042B04D17B683B22012199540BE018
:1057B0003B68082B04D17B683C220121995403E00B
:1057C0007B683D220121995400231800BD4602B098
:1057D00080BDC0461111000080B584B000AF786074
:1057E0007B681B68DB68FB607B681B681B69BB60B0
:1057F000BB680222134021D0FB68022213401DD057
:105800007B681B68032252421A617B6801221A7668
:105810007B681B689B690322134004D07B681800D7
:1058200000F074F907E07B68180000F067F97B6806
:10583000180000F073F97B6800221A76BB68042216
:10584000134022D0FB68042213401ED07B681B68E3
:10585000052252421A617B6802221A767B681B6815
:105860009A69C0239B00134004D07B68180000F0A5
:105870004DF907E07B68180000F040F97B681800DC
:1058800000F04CF97B6800221A76BB6808221340AE
:1058900021D0FB68082213401DD07B681B680922B9
:1058A00052421A617B6804221A767B681B68DB69A6
:1058B0000322134004D07B68180000F027F907E0AA
:1058C0007B68180000F01AF97B68180000F026F9D0
:1058D0007B6800221A76BB681022134022D0FB6836
:1058E000102213401ED07B681B68112252421A619D
:1058F0007B6808221A767B681B68DA69C0239B00E4
:10590000134004D07B68180000F000F907E07B68C2
:10591000180000F0F3F87B68180000F0FFF87B68CF
:1059200000221A76BB68012213400CD0FB680122CA
:10593000134008D07B681B68022252421A617B68C0
:10594000180003F097F9BB68402213400CD0FB68A5
:105950004022134008D07B681B68412252421A61E2
:105960007B68180000F0E2F8C046BD4604B080BD78
:1059700080B586B000AFF860B9607A601723FB1875
:1059800000221A70FB6838229B5C012B01D1022394
:10599000ADE0FB683822012199547B680C2B00D1C3
:1059A00076E07B680C2B00D995E07B68082B4ED005
:1059B0007B68082B00D98EE07B68002B03D07B68C6
:1059C000042B21D087E0FB681B68BA68110018001F
:1059D00000F00EF9FB681B689A69FB681B680821D8
:1059E0000A439A61FB681B689A69FB681B6804217B
:1059F0008A439A61FB681B689969BB68DA68FB682F
:105A00001B680A439A616BE0FB681B68BA68110067
:105A1000180000F029F9FB681B689A69FB681B688D
:105A2000802109010A439A61FB681B689A69FB6837
:105A30001B6831490A409A61FB681B689969BB6819
:105A4000DB681A02FB681B680A439A6148E0FB683E
:105A50001B68BA681100180000F048F9FB681B6861
:105A6000DA69FB681B6808210A43DA61FB681B6876
:105A7000DA69FB681B6804218A43DA61FB681B68EA
:105A8000D969BB68DA68FB681B680A43DA6127E0FA
:105A9000FB681B68BA681100180000F067F9FB6822
:105AA0001B68DA69FB681B68802109010A43DA6117
:105AB000FB681B68DA69FB681B680F490A40DA61FA
:105AC000FB681B68D969BB68DB681A02FB681B6846
:105AD0000A43DA6104E01723FB1801221A70C0465A
:105AE000FB683822002199541723FB181B781800F3
:105AF000BD4606B080BDC046FFFBFFFF80B582B04B
:105B000000AF7860C046BD4602B080BD80B582B0AF
:105B100000AF7860C046BD4602B080BD80B582B09F
:105B200000AF7860C046BD4602B080BD80B582B08F
:105B300000AF7860C046BD4602B080BD80B584B07D
:105B400000AF786039607B681B68FB607A688023EF
:105B5000DB059A4207D07B68224A934203D07B68D8
:105B6000214A934208D1FB6870229343FB603B6853
:105B70005B68FA681343FB607A688023DB059A420E
:105B800007D07B68174A934203D07B68164A93423A
:105B900008D1FB68154A1340FB603B68DB68FA6874
:105BA0001343FB60FB68802293431A003B681B6928
:105BB0001343FB603B689A687B68DA623B681A684B
:105BC0007B689A627B681B6804221A437B681A60B0
:105BD0007B6801225A617B68FA681A60C046BD463C
:105BE00004B080BD0008014000140140FFFCFFFF2D
:105BF00080B586B000AF786039607B681B6A7B61D6
:105C00007B681B6A012293431A007B681A627B68D7
:105C10005B683B617B689B69FB60FB687022934318
:105C2000FB60FB6803229343FB603B681B68FA68D8
:105C30001343FB607B69022293437B613B689B6853
:105C40007A6913437B617B683A695A607B68FA68BA
:105C50009A613B685A687B685A637B687A691A6202
:105C6000C046BD4606B080BD80B586B000AF786046
:105C700039607B681B6A7B617B681B6A10229343D7
:105C80001A007B681A627B685B683B617B689B6972
:105C9000FB60FB68134A1340FB60FB68124A134029
:105CA000FB603B681B681B02FA681343FB607B695F
:105CB000202293437B613B689B681B017A691343F5
:105CC0007B617B683A695A607B68FA689A613B68D5
:105CD0005A687B689A637B687A691A62C046BD46D7
:105CE00006B080BDFF8FFFFFFFFCFFFF80B586B0D1
:105CF00000AF786039607B681B6A7B617B681B6AD8
:105D0000184A1A407B681A627B685B683B617B6853
:105D1000DB69FB60FB6870229343FB60FB68032236
:105D20009343FB603B681B68FA681343FB607B6925
:105D30000D4A13407B613B689B681B027A691343E1
:105D40007B617B683A695A607B68FA68DA613B6814
:105D50005A687B68DA637B687A691A62C046BD4616
:105D600006B080BDFFFEFFFFFFFDFFFF80B586B0E0
:105D700000AF786039607B681B6A7B617B681B6A57
:105D8000194A1A407B681A627B685B683B617B68D2
:105D9000DB69FB60FB68154A1340FB60FB68144A33
:105DA0001340FB603B681B681B02FA681343FB60EF
:105DB0007B69104A13407B613B689B681B037A69CF
:105DC00013437B617B683A695A607B68FA68DA61E1
:105DD0003B685A687B681A647B687A691A62C046B5
:105DE000BD4606B080BDC046FFEFFFFFFF8FFFFF3F
:105DF000FFFCFFFFFFDFFFFF80B586B000AFF8605C
:105E0000B9607A60BB681F22134001229A401300D8
:105E10007B61FB681B6A7A69D2431A40FB681A628D
:105E2000FB681A6ABB681F210B40796899400B0018
:105E30001A43FB681A62C046BD4606B080BD00002A
:105E400080B584B000AF786039607B6838229B5C95
:105E5000012B01D1022342E07B68382201219954B1
:105E60007B683922022199547B681B685B68FB6060
:105E70007B681B689B68BB60FB6870229343FB6078
:105E80003B681B68FA681343FB607B681B68FA6811
:105E90005A607B681A688023DB059A4209D07B68C8
:105EA0001B68114A934204D07B681B680F4A9342D7
:105EB0000CD1BB6880229343BB603B685B68BA68C7
:105EC0001343BB607B681B68BA689A607B683922A1
:105ED000012199547B68382200219954002318002D
:105EE000BD4604B080BDC04600080140001401401A
:105EF00080B582B000AF78607B68002B01D10123B0
:105F000044E07B68DB6F002B07D17B68782200219F
:105F100099547B68180002F02BFF7B682422DA6713
:105F20007B681B681A687B681B6801218A431A60BA
:105F30007B685B6A002B03D07B68180000F018FFB9
:105F40007B68180000F090FC0300012B01D10123B5
:105F50001CE07B681B685A687B681B680D490A4017
:105F60005A607B681B689A687B681B682A218A4391
:105F70009A607B681B681A687B681B6801210A436A
:105F80001A607B68180000F0A7FF03001800BD46E8
:105F900002B080BDFFB7FFFF80B588B000AFF860EA
:105FA000B960BB1D1A80FB6880229B58202B4AD108
:105FB000BB68002B03D0BB1D1B88002B01D1012324
:105FC00042E0FB689A6880235B019A4209D1FB6832
:105FD0001B69002B05D1BB680122134001D00123AE
:105FE00032E0FB6800221A66FB681B68184A93427D
:105FF00020D0FB681B685A6880231B04134019D00B
:10600000EFF310833B613B69FB6101237B617B699B
:1060100083F31088C046FB681B681A68FB681B681E
:106020008021C9040A431A60FB69BB61BB6983F321
:106030001088C046BB1D1A88B968FB68180001F0BB
:1060400063F8030000E002231800BD4608B080BDDD
:106050000048004080B588B000AFF860B960BB1D53
:106060001A80FB6880229B58202B4AD1BB68002BEA
:1060700003D0BB1D1B88002B01D1012342E0FB682C
:106080009A6880235B019A4209D1FB681B69002B47
:1060900005D1BB680122134001D0012332E0FB6827
:1060A00000221A66FB681B68184A934220D0FB68DE
:1060B0001B685A6880231B04134019D0EFF3108328
:1060C0003B613B69FB6101237B617B6983F3108842
:1060D000C046FB681B681A68FB681B688021C904FE
:1060E0000A431A60FB69BB61BB6983F31088C04631
:1060F000BB1D1A88B968FB68180001F0CFF80300CF
:1061000000E002231800BD4608B080BD00480040F2
:1061100080B58CB000AF78607B68DB6FFB627B681A
:1061200080229B58BB627B681B689B68802213405F
:10613000802B38D1FB6A212B35D1EFF310837B61A3
:106140007B697B620123BB61BB6983F31088C04616
:106150007B681B689A687B681B6880218A439A6009
:106160007B6AFB61FB6983F31088C0467B681B6F09
:10617000002B14D07B681B6F1800FEF74BFF031E2B
:106180000DD07B681B6F1800FFF779F80300202BF8
:1061900005D17B68842210219950032344E07B6859
:1061A000180001F01BF97B681B689B6840221340B4
:1061B000402B38D1BB6A222B35D1EFF31083BB6063
:1061C000BB683B620123FB60FB6883F31088C04619
:1061D0007B681B689A687B681B6840218A439A60C9
:1061E0003B6A3B613B6983F31088C0467B685B6F09
:1061F000002B14D07B685B6F1800FEF70BFF031EAB
:106200000DD07B685B6F1800FFF739F80300202B77
:1062100005D17B68842210219950032304E07B6818
:10622000180001F0FFF800231800BD460CB080BD37
:1062300090B5ABB000AF78607B681B68DB69A422C7
:10624000B9180B607B681B681B68A02039180B60AD
:106250007B681B689B689C2179180B601100BB1838
:106260001B68994A13409822BC182360BB181B680E
:10627000002B14D17B181B68202213400FD03B1831
:106280001B68202213400AD07B689B6E002B00D134
:10629000BEE27B689B6E7A6810009847B8E298234C
:1062A000FB181B68002B00D114E19C23FB181B6812
:1062B0000122134006D1A023FB181B68834A134018
:1062C00000D107E1A423FB181B680122134012D060
:1062D000A023FB181A6880235B0013400BD07B6857
:1062E0001B6801221A627B6884229B5801221A4390
:1062F0007B6884215A50A423FB181B680222134098
:1063000011D09C23FB181B68012213400BD07B6823
:106310001B6802221A627B6884229B5804221A435B
:106320007B6884215A50A423FB181B680422134065
:1063300011D09C23FB181B68012213400BD07B68F3
:106340001B6804221A627B6884229B5802221A432B
:106350007B6884215A50A423FB181B680822134031
:1063600017D0A023FB181B682022134005D19C23C3
:10637000FB181B68012213400BD07B681B680822A6
:106380001A627B6884229B5808221A437B68842106
:106390005A50A423FB181A6880231B01134013D002
:1063A000A023FB181A688023DB0413400CD07B6801
:1063B0001B68802212011A627B6884229B5820226B
:1063C0001A437B6884215A507B6884229B58002B97
:1063D00000D11FE2A423FB181B68202213400ED01B
:1063E000A023FB181B682022134008D07B689B6EFB
:1063F000002B04D07B689B6E7A68100098477B68FE
:1064000084229B5894217A1813607B681B689B68D0
:1064100040221340402B04D07B181B6828221340D5
:1064200047D07B68180000F0FDFF7B681B689B6805
:1064300040221340402B37D1EFF310833B663B6E75
:1064400090203A18136001237B667B6E83F31088DB
:10645000C0467B681B689A687B681B6840218A433A
:106460009A603B181B68BB66BB6E83F31088C046FE
:106470007B685B6F002B12D07B685B6F144A9A635A
:106480007B685B6F1800FEF705FE031E1AD07B6861
:106490005B6F9A6B7B685B6F1800904712E07B68BC
:1064A000180000F0CDF90DE07B68180000F0C8F985
:1064B00008E07B68180000F0C3F97B6884220021A3
:1064C0009950A7E1C046A5E10F0800002001000493
:1064D000577700087B681B6E012B00D059E1A4237D
:1064E000FB181B681022134000D152E1A023FB18B7
:1064F0001B681022134000D14BE17B681B681022FF
:106500001A627B681B689B6840221340402B00D0B6
:10651000BFE07B685B6F1B685A687E217B181A801E
:106520007B181B88002B00D195E07B6858229B5A72
:106530007A1812889A4200D38DE07B687A185A2123
:1065400012885A527B685B6F1B681B6820221340BD
:106550006FD1EFF310833B633B6BBB6701237B631E
:106560007B6B83F31088C0467B681B681A687B6866
:106570001B68AD490A401A60BB6FBB63BB6B83F3FA
:106580001088C046EFF31083FB63FB6B7B6701232E
:106590003B643B6C83F31088C0467B681B689A6839
:1065A0007B681B6801218A439A607B6F7B647B6CEC
:1065B00083F31088C046EFF31083BB64BB6C3B676A
:1065C0000123FB64FB6C83F31088C0467B681B6867
:1065D0009A687B681B6840218A439A603B6F3B65E1
:1065E0003B6D83F31088C0467B6880222021995040
:1065F0007B6800221A66EFF310837B657B6DFB6678
:106600000123BB65BB6D83F31088C0467B681B68A4
:106610001A687B681B6810218A431A60FB6EFB6551
:10662000FB6D83F31088C0467B685B6F1800FEF734
:10663000F1FC7B6802225A667B6858229A5A7B6872
:106640005A215B5A9BB2D31A9AB27B681100180088
:1066500000F0FEF8E0E07B6858229B5A7E22BA18D0
:1066600012889A4200D0D7E07B685B6F1B681B687A
:1066700020221340202B00D0CEE07B6802225A66F5
:106680007B6858229A5A7B681100180000F0E0F8E5
:10669000C2E07B685822995A7B685A229B5A9AB268
:1066A0008E203B188A1A1A807B685A229B5A9BB20A
:1066B000002B00D1B2E03B181B88002B00D1ADE0CD
:1066C000EFF31083FB60FB6888243A191360012301
:1066D0003B613B6983F31088C0467B681B681A687E
:1066E0007B681B6851490A401A603B191B687B6133
:1066F0007B6983F31088C046EFF31083BB61BB69ED
:1067000084243A1913600123FB61FB6983F3108829
:10671000C0467B681B689A687B681B6801218A43B6
:106720009A603B191B683B623B6A83F31088C04642
:106730007B688022202199507B6800221A667B6842
:1067400000229A66EFF310837B627B6A80243A19F9
:1067500013600123BB62BB6A83F31088C0467B6869
:106760001B681A687B681B6810218A431A603B19F2
:106770001B68FB62FB6A83F31088C0467B680222B9
:106780005A663B181A887B681100180000F060F800
:1067900044E0A423FB181A6880235B03134010D045
:1067A0009C23FB181A688023DB03134009D07B6805
:1067B0001B68802252031A627B68180001F0CEF930
:1067C0002FE0A423FB181B68802213400FD0A023C6
:1067D000FB181B688022134009D07B68DB6E002BFE
:1067E0001ED07B68DB6E7A681000984718E0A423FF
:1067F000FB181B684022134013D0A023FB181B6812
:10680000402213400DD07B68180000F0B7FF08E06D
:10681000C04606E0C04604E0C04602E0C04600E0D4
:10682000C046BD462BB090BDFFFEFFFFDFFEFFFF61
:1068300080B582B000AF7860C046BD4602B080BD72
:1068400080B582B000AF7860C046BD4602B080BD62
:1068500080B582B000AF78600A00BB1C1A80C046C9
:10686000BD4602B080BD0000B0B58EB000AFF8618B
:106870001A2318229B18DB1900221A70FB699A68E8
:10688000FB691B691A43FB695B691A43FB69DB6996
:1068900013437B63FB691B681B68C64A13401900DE
:1068A000FB691B687A6B0A431A60FB691B685B68AB
:1068B000C14A13401900FB69DA68FB691B680A4387
:1068C0005A60FB699B697B63FB691B68BB4A934207
:1068D00004D0FB691B6A7A6B13437B63FB691B68FB
:1068E0009B68B74A13401900FB691B687A6B0A431F
:1068F0009A60FB691B68B34A934231D1B24BDB6C9F
:1069000003221340032B1DD023D8022B0CD020D8F8
:10691000002B02D0012B0ED01BE01B2318229B184A
:10692000DB1901221A709CE01B2318229B18DB192B
:1069300002221A7095E01B2318229B18DB190422EF
:106940001A708EE01B2318229B18DB1908221A707C
:1069500087E01B2318229B18DB1910221A7080E095
:10696000FB691B68994A934231D1974BDB6C0C222F
:1069700013400C2B1DD023D8082B0CD020D8002B73
:1069800002D0042B0ED01BE01B2318229B18DB190E
:1069900000221A7065E01B2318229B18DB190222C3
:1069A0001A705EE01B2318229B18DB1904221A7050
:1069B00057E01B2318229B18DB1908221A7050E09D
:1069C0001B2318229B18DB1910221A7049E0FB695F
:1069D0001B687A4A93423ED17B4BDA6CC0231B0181
:1069E0001340C0221201934227D0C02212019342C9
:1069F0002AD880221201934211D0802212019342A0
:106A000022D8002B04D08022D20093420ED01BE06B
:106A10001B2318229B18DB1900221A7021E01B236C
:106A200018229B18DB1902221A701AE01B23182265
:106A30009B18DB1904221A7013E01B2318229B18E1
:106A4000DB1908221A700CE01B2318229B18DB1993
:106A500010221A7005E01B2318229B18DB19102244
:106A60001A70FB691B68554A934200D084E01B23CF
:106A700018229B18DB191B78082B1DD020DC042B57
:106A800015D01DDC002B02D0022B05D018E0FDF73D
:106A9000CDFE0300FB621CE04B4B1B681022134031
:106AA00002D04B4BFB6214E04A4BFB6211E0FDF756
:106AB0002DFE0300FB620CE080231B02FB6208E05A
:106AC0000023FB621A2318229B18DB1901221A707B
:106AD000C046FB6A002B00D132E1FB695A68130003
:106AE0005B009B18FA6A9A4205D3FB695B681B033B
:106AF000FA6A9A4206D91A2318229B18DB19012236
:106B00001A701DE1FB6A3B6100237B6139697A6978
:106B10000B001B0E100005021D430B001C02FB693D
:106B20005B685B08BB600023FB60B868F96800190C
:106B30006941FB695B683B6000237B603A687B6866
:106B4000F9F7A8FB02000B001300BB62BA6AC0236E
:106B50009B009A4209D3BA6A80235B039A4204D20B
:106B6000FB691B68BA6ADA60EAE01A2318229B18EC
:106B7000DB1901221A70E3E0FB69DA6980231B024A
:106B80009A4200D085E01B2318229B18DB191B7842
:106B9000082B37D89A00104BD3181B689F46FDF777
:106BA00045FE0300FB6236E0FDF756FE0300FB6284
:106BB00031E0C046F369FFEFFFCFFFFF0048004020
:106BC000FFF4FFFF00380140001002400044004085
:106BD00000093D000024F400C0BE0008604B1B68A3
:106BE0001022134002D05F4BFB6214E05E4BFB624D
:106BF00011E0FDF78BFD0300FB620CE080231B021C
:106C0000FB6208E00023FB621A2318229B18DB19A1
:106C100001221A70C046FB6A002B00D190E0FB6A8B
:106C20005A00FB695B685B08D218FB695B68190056
:106C30001000F9F769FA0300BB62BB6A0F2B21D978
:106C4000BA6A80235B029A421CD2BB6A9AB20E20B7
:106C500018240319DB190F218A431A80BB6A5B08C9
:106C60009BB20722134099B20319DB190219D219FA
:106C700012880A431A80FB691B680219D21912880C
:106C8000DA605DE01A2318229B18DB1901221A70C2
:106C900056E01B2318229B18DB191B78082B22D8DF
:106CA0009A00324BD3181B689F46FDF7BFFD0300C7
:106CB000FB6221E0FDF7D0FD0300FB621CE0284BE6
:106CC0001B681022134002D0264BFB6214E0264BB7
:106CD000FB6211E0FDF71AFD0300FB620CE080236C
:106CE0001B02FB6208E00023FB621A2318229B1898
:106CF000DB1901221A70C046FB6A002B20D0FB6909
:106D00005B685A08FB6AD218FB695B6819001000BF
:106D1000F9F7FAF90300BB62BB6A0F2B0AD9BA6A0A
:106D200080235B029A4205D2BB6A9AB2FB691B6858
:106D3000DA6005E01A2318229B18DB1901221A7069
:106D4000FB6900229A66FB690022DA661A23182280
:106D50009B18DB191B781800BD460EB0B0BDC046AD
:106D60000010024000093D000024F400E4BE0008C9
:106D700080B582B000AF78607B685B6A0822134000
:106D80000BD07B681B685B684A4A134019007B681C
:106D90005A6B7B681B680A435A607B685B6A0122F6
:106DA00013400BD07B681B685B68434A1340190093
:106DB0007B689A6A7B681B680A435A607B685B6AD7
:106DC000022213400BD07B681B685B683B4A134070
:106DD00019007B68DA6A7B681B680A435A607B6823
:106DE0005B6A042213400BD07B681B685B68344AE3
:106DF000134019007B681A6B7B681B680A435A6052
:106E00007B685B6A102213400BD07B681B689B6811
:106E10002C4A134019007B689A6B7B681B680A43F5
:106E20009A607B685B6A202213400BD07B681B68EA
:106E30009B68254A134019007B68DA6B7B681B68E6
:106E40000A439A607B685B6A402213401DD07B68CE
:106E50001B685B681D4A134019007B681A6C7B68CD
:106E60001B680A435A607B681A6C80235B039A4252
:106E70000BD17B681B685B68154A134019007B685F
:106E80005A6C7B681B680A435A607B685B6A802285
:106E900013400BD07B681B685B680E4A13401900D7
:106EA0007B689A6C7B681B680A435A60C046BD4683
:106EB00002B080BDFF7FFFFFFFFFFDFFFFFFFEFF72
:106EC000FFFFFBFFFFEFFFFFFFDFFFFFFFFFEFFF16
:106ED000FFFF9FFFFFFFF7FF80B592B002AF786022
:106EE0007B68842200219950FCF7CEFE0300FB63EF
:106EF0007B681B681B6808221340082B2CD1FB6B96
:106F0000802291037868464A0092002200F08CF8B3
:106F1000031E21D0EFF310837B627B6ABB630123E6
:106F2000BB62BB6A83F31088C0467B681B681A6823
:106F30007B681B6880218A431A60BB6BFB62FB6A1B
:106F400083F31088C0467B682022DA677B6878224A
:106F50000021995403235FE07B681B681B680422AF
:106F60001340042B46D1FB6B8022D10378682C4A56
:106F70000092002200F058F8031E3BD0EFF310837C
:106F8000FB60FB687B6301233B613B6983F31088F3
:106F9000C0467B681B681A687B681B6821490A40E9
:106FA0001A607B6B7B617B6983F31088C046EFF3CB
:106FB0001083BB61BB693B630123FB61FB6983F306
:106FC0001088C0467B681B689A687B681B68012133
:106FD0008A439A603B6B3B623B6A83F31088C046EE
:106FE0007B688022202199507B6878220021995467
:106FF000032311E07B682022DA677B68802220214E
:1070000099507B6800221A667B6800225A667B686A
:1070100078220021995400231800BD4610B080BD8D
:10702000FFFFFF01DFFEFFFF80B584B000AFF86017
:10703000B9603B60FB1D1A7051E0BB6901334ED053
:10704000FCF722FE02003B68D31ABA699A4202D3C7
:10705000BB69002B01D1032351E0FB681B681B684F
:10706000042213403BD0BB68802B38D0BB68402B38
:1070700035D0FB681B68DB6908221340082B11D14F
:10708000FB681B6808221A62FB68180000F0CAF946
:10709000FB68842208219950FB68782200219954CA
:1070A00001232CE0FB681B68DA6980231B011A406E
:1070B00080231B019A4212D1FB681B6880221201B7
:1070C0001A62FB68180000F0ADF9FB6884222021E9
:1070D0009950FB6878220021995403230FE0FB6844
:1070E0001B68DB69BA681340BA68D31A5A42534125
:1070F000DBB21A00FB1D1B789A429ED000231800B9
:10710000BD4604B080BD000080B590B000AFF8600F
:10711000B960BB1D1A80FB68BA685A65FB68BA1D66
:10712000582112885A52FB68BA1D5A2112885A52A5
:10713000FB6800229A66FB689A6880235B019A428A
:107140000DD1FB681B69002B04D1FB685C22504900
:1071500099522EE0FB685C22FF21995229E0FB68DE
:107160009B68002B0DD1FB681B69002B04D1FB68C9
:107170005C22FF2199521CE0FB685C227F2199521E
:1071800017E0FB689A6880235B059A420DD1FB6883
:107190001B69002B04D1FB685C227F21995208E017
:1071A000FB685C223F21995203E0FB685C220021CE
:1071B0009952FB68842200219950FB688022222189
:1071C0009950EFF31083BB62BB6AFB630123FB6240
:1071D000FB6A83F31088C046FB681B689A68FB68EB
:1071E0001B6801210A439A60FB6B3B633B6B83F393
:1071F0001088C046FB689A6880235B019A4207D1D9
:10720000FB681B69002B03D1FB68224A9A6602E0E7
:10721000FB68214A9A66FB681B69002B19D0EFF3C3
:107220001083FB61FB697B6301233B623B6A83F351
:107230001088C046FB681B681A68FB681B689021B1
:1072400049000A431A607B6B7B627B6A83F3108878
:1072500018E0EFF310833B613B69BB6301237B6163
:107260007B6983F31088C046FB681B681A68FB685B
:107270001B6820210A431A60BB6BBB61BB6983F3A7
:107280001088C04600231800BD4610B080BDC0461F
:10729000FF01000099790008D577000880B590B00B
:1072A00000AFF860B960BB1D1A80FB68BA685A6508
:1072B000FB68BA1D582112885A52FB6884220021AB
:1072C0009950FB68802222219950FB685B6F002B4C
:1072D00028D0FB685B6F3E4ADA62FB685B6F3D4A11
:1072E0001A63FB685B6F3C4A5A63FB685B6F002262
:1072F0009A63FB68586FFB681B6824331900FB68AE
:107300005B6D1A00BB1D1B88FDF71EFE031E09D016
:10731000FB68842210219950FB688022202199501B
:10732000012350E0FB681B69002B19D0EFF3108399
:10733000BB62BB6AFB630123FB62FB6A83F31088B9
:10734000C046FB681B681A68FB681B6880214900FF
:107350000A431A60FB6B3B633B6B83F31088C046A8
:10736000EFF310833B613B69BB6301237B617B6966
:1073700083F31088C046FB681B689A68FB681B682B
:1073800001210A439A60BB6BBB61BB6983F3108820
:10739000C046EFF31083FB61FB697B6301233B6213
:1073A0003B6A83F31088C046FB681B689A68FB68D9
:1073B0001B6840210A439A607B6B7B627B6A83F384
:1073C0001088C04600231800BD4610B080BDC046DE
:1073D000ED74000855760008D376000880B586B0B5
:1073E00000AF7860EFF31083BB60BB687B61012363
:1073F000FB60FB6883F31088C0467B681B681A68D3
:107400007B681B68C0218A431A607B693B613B69CA
:1074100083F31088C0467B682022DA67C046BD46E9
:1074200006B080BD80B58EB000AF7860EFF31083FA
:107430007B617B697B630123BB61BB6983F310883C
:10744000C0467B681B681A687B681B6826490A402F
:107450001A607B6BFB61FB6983F31088C046EFF316
:1074600010833B623B6A3B6301237B627B6A83F34D
:107470001088C0467B681B689A687B681B6801217E
:107480008A439A603B6BBB62BB6A83F31088C04639
:107490007B681B6E012B18D1EFF31083BB60BB68B8
:1074A000FB620123FB60FB6883F31088C0467B68A6
:1074B0001B681A687B681B6810218A431A60FB6A84
:1074C0003B613B6983F31088C0467B6880222021A2
:1074D00099507B6800221A667B6800229A66C04633
:1074E000BD460EB080BDC046DFFEFFFF80B594B044
:1074F00000AF78607B689B6AFB647B681B681B68D5
:10750000202213406FD1FB6C5A2200219952EFF3D5
:1075100010837B617B69BB640123BB61BB6983F31F
:107520001088C046FB6C1B681A68FB6C1B684849D6
:107530000A401A60BB6CFB61FB6983F31088C0468C
:10754000EFF310833B623B6A7B6401237B627B6ABF
:1075500083F31088C046FB6C1B689A68FB6C1B6841
:1075600001218A439A607B6CBB62BB6A83F31088FB
:10757000C046EFF31083FB62FB6A3B6401233B636D
:107580003B6B83F31088C046FB6C1B689A68FB6CEE
:107590001B6840218A439A603B6C7B637B6B83F35F
:1075A0001088C046FB6C802220219950FB6C1B6E1A
:1075B000012B18D1EFF31083BB60BB68FB63012381
:1075C000FB60FB6883F31088C046FB6C1B681A687D
:1075D000FB6C1B6810218A431A60FB6B3B613B69A3
:1075E00083F31088C046FB6C00225A66FB6C1B6E4E
:1075F000012B24D1FB6C5A22002199527B681B6815
:107600005A683A217B181A80FB6C58229B5A7A18C8
:1076100012889A4204D2FB6C7A185A2112885A5264
:10762000FB6C58229A5AFB6C5A215B5A9BB2D31AB4
:107630009AB2FB6C11001800FFF70AF903E0FB6C2B
:10764000180001F0A3FCC046BD4614B080BDC04682
:10765000FFFEFFFF80B584B000AF78607B689B6A57
:10766000FB60FB6801225A66FB681B6E012B28D168
:10767000FB6858229B5A5B0899B2FB685A229952C0
:107680007B681B685A680A217B181A80FB6858229D
:107690009B5A7A1812889A4204D8FB687A185A21A1
:1076A00012885A52FB6858229A5AFB685A215B5A30
:1076B0009BB2D31A9AB2FB6811001800FFF7C8F802
:1076C00003E0FB681800FFF7B3F8C046BD4604B0FE
:1076D00080BD80B586B000AF78607B689B6A7B61B7
:1076E0007B69DB6F3B617B6980229B58FB607B6918
:1076F0001B689B6880221340802B0AD13B69212B99
:1077000007D17B695222002199527B691800FFF74B
:1077100065FE7B691B689B6840221340402B0AD1A1
:10772000FB68222B07D17B695A22002199527B6981
:107730001800FFF777FE7B6984229B5810221A43BA
:107740007B6984215A507B691800FFF779F8C0469D
:10775000BD4606B080BD80B584B000AF78607B6860
:107760009B6AFB60FB685A2200219952FB68180053
:10777000FFF766F8C046BD4604B080BD80B586B050
:1077800000AF7860EFF31083BB60BB687B610123BF
:10779000FB60FB6883F31088C0467B681B681A682F
:1077A0007B681B6840218A431A607B693B613B69A7
:1077B00083F31088C0467B682022DA677B6800224A
:1077C000DA667B68180001F03FFCC046BD4606B093
:1077D00080BD000080B594B000AF78604E203B18AB
:1077E0007A685C21525A1A807B6880229B58222B2F
:1077F00000D0BFE07B681B685A6A4C217B181A8056
:107800007B181B88DAB23B181B88D9B27B685B6D8A
:107810000A40D2B21A707B685B6D5A1C7B685A654D
:107820007B685A229B5A9BB2013B99B27B685A22D1
:1078300099527B685A229B5A9BB2002B00D0A1E040
:10784000EFF310837B627B6ABB640123BB62BB6A7C
:1078500083F31088C0467B681B681A687B681B68C6
:107860004A490A401A60BB6CFB62FB6A83F31088CA
:10787000C046EFF310833B633B6B7B6401237B6368
:107880007B6B83F31088C0467B681B689A687B68B3
:107890001B6801218A439A607B6CBB63BB6B83F3DB
:1078A0001088C0467B688022202199507B68002286
:1078B0009A667B6800225A667B681B68344A93424A
:1078C0001FD07B681B685A6880231B04134018D0A4
:1078D000EFF31083BB61BB693B640123FB61FB6970
:1078E00083F31088C0467B681B681A687B681B6836
:1078F00028490A401A603B6C3B623B6A83F310885C
:10790000C0467B681B6E012B2FD17B6800221A6654
:10791000EFF31083FB60FB68FB6301233B613B6972
:1079200083F31088C0467B681B681A687B681B68F5
:1079300010218A431A60FB6B7B617B6983F310889B
:10794000C0467B681B68DB6910221340102B03D1F3
:107950007B681B6810221A627B6858229A5A7B68DF
:1079600011001800FEF774FF0CE07B68180001F0AE
:107970000DFB07E07B681B689A697B681B68082120
:107980000A439A61C046BD4614B080BDDFFEFFFFCA
:1079900000480040FFFFFFFB80B594B000AF786067
:1079A0004E203B187A685C21525A1A807B688022EC
:1079B0009B58222B00D0BFE07B681B685A6A4C2181
:1079C0007B181A807B685B6DBB647B183A181B8838
:1079D000128813409AB2BB6C1A807B685B6D9A1C4C
:1079E0007B685A657B685A229B5A9BB2013B99B2CD
:1079F0007B685A2299527B685A229B5A9BB2002B71
:107A000000D0A1E0EFF310833B623B6A7B6401236B
:107A10007B627B6A83F31088C0467B681B681A68A8
:107A20007B681B684A490A401A607B6CBB62BB6A70
:107A300083F31088C046EFF31083FB62FB6A3B645C
:107A400001233B633B6B83F31088C0467B681B6854
:107A50009A687B681B6801218A439A603B6C7B6350
:107A60007B6B83F31088C0467B688022202199506D
:107A70007B6800229A667B6800225A667B681B68D6
:107A8000344A93421FD07B681B685A6880231B04CA
:107A9000134018D0EFF310837B617B69FB630123F4
:107AA000BB61BB6983F31088C0467B681B681A689A
:107AB0007B681B6828490A401A60FB6BFB61FB6905
:107AC00083F31088C0467B681B6E012B2FD17B6827
:107AD00000221A66EFF31083BB60BB68BB6301230F
:107AE000FB60FB6883F31088C0467B681B681A68DC
:107AF0007B681B6810218A431A60BB6B3B613B6942
:107B000083F31088C0467B681B68DB691022134032
:107B1000102B03D17B681B6810221A627B685822E5
:107B20009A5A7B6811001800FEF792FE0CE07B6801
:107B3000180001F02BFA07E07B681B689A697B68E4
:107B40001B6808210A439A61C046BD4614B080BD37
:107B5000DFFEFFFF00480040FFFFFFFB80B582B063
:107B600000AF7860C046BD4602B080BD80B500AFB2
:107B70000B4B0C4A1A600A4B03225A60084B0A4A04
:107B8000DA60074BFA2292009A60054B1800FCF766
:107B9000A9F8031E01D000F0EDFDC046BD4680BD32
:107BA000F401002000300040FF0F000080B500AF5E
:107BB000034B1800FCF7E8F8C046BD4680BDC04640
:107BC000F401002080B582B000AFA023DB050821BE
:107BD0001800FDF707F9031E03D1FB1D01221A70DF
:107BE0000EE0A023DB0510211800FDF7FBF8031EB3
:107BF00003D1FB1D02221A7002E0FB1D00221A7045
:107C0000114B1B78FA1D12789A4207D00F4B0022B5
:107C10001A600D4BFA1D12781A7010E00B4B1B689E
:107C2000312B04D8094B1B685A1C084B1A60074BB0
:107C30001B68312B03D9064BFA1D12781A70C04607
:107C4000BD4602B080BDC0460802002004020020EC
:107C50000902002080B582B000AFA023DB0502211D
:107C60001800FDF7BFF803005A425341DAB2FB1D7A
:107C70001A702F4B1B78032B3FD054DC022B20D0E3
:107C800051DC002B02D0012B0CD04CE0FB1D1B78EB
:107C9000002B45D0264B01221A70264B1A68244B24
:107CA0005A603DE0FB1D1B78002B06D0204B0222C2
:107CB0001A701F4B00229A7235E01D4B00221A7079
:107CC00031E0FB1D1B78002B03D1194B03221A70E6
:107CD00028E0174B9B7A002B24D1164B1A68144BC3
:107CE0005B68D21AFA23DB009A421BD3104B0122A5
:107CF0005A720F4B01229A7214E0FB1D1B78002B65
:107D00000AD10B4B9B7A002B02D1094B01221A722C
:107D1000074B00221A7006E0054B02221A7002E09F
:107D2000C04600E0C046C046BD4602B080BDC04669
:107D30001C0200200C02002080B500AF294B1B78EC
:107D40000A2B3BD89A00284BD3181B689F46642007
:107D500000F046FF36E0C82000F042FF32E09623F4
:107D60005B00180000F03CFF2CE0C8235B0018000B
:107D700000F036FF26E0FA235B00180000F030FF29
:107D800020E096239B00180000F02AFF1AE0AF23A2
:107D90009B00180000F024FF14E0C8239B0018008B
:107DA00000F01EFF0EE0E1239B00180000F018FF1A
:107DB00008E00E4B180000F013FF03E0002000F075
:107DC0000FFFC046074B1B780133DAB2054B1A7020
:107DD000044B1B780A2B02D9024B01221A70C046B1
:107DE000BD4680BD0900002008BF0008B6030000A2
:107DF00080B500AF1E4B1B78002B27D01D4B0021F8
:107E00001800FDF7ABFC1A4B00221A70A023DB050B
:107E1000002204211800FDF702F8174B012201216E
:107E20001800FCF7FCFF144B012202211800FCF79C
:107E3000F6FF114B012204211800FCF7F0FF0E4B56
:107E4000012208211800FCF7EAFF0EE0094B00218F
:107E50001800FDF7F7FB064B01221A70A023DB0583
:107E6000012204211800FCF7DAFFC046BD4680BDA0
:107E700028020020940200200004005080B582B047
:107E800000AF00237B60FBF799FE00F001FC00F0DF
:107E900077FC00F091FDE1235B02180000F02EFF5B
:107EA00000F0D6FCE04AE14B1100180000F0AAFDFA
:107EB000DF4B1900632000F00DFEFFF757FEDD4B8E
:107EC0000C220021180001F0CBFFC82000F088FE32
:107ED000D94B00211800FDF741FCD84B00221A7045
:107EE00000F0B0FEA023DB0508211800FCF77AFFA4
:107EF000031E0BD0A023DB0510211800FCF772FF36
:107F0000031E01D1022302E0002300E00123FA1C3A
:107F100013701420FBF7C2FEA023DB050821180014
:107F2000FCF760FF031E0BD0A023DB051021180017
:107F3000FCF758FF031E01D1022302E0002300E0FA
:107F40000123BA1C1370FA1CBB1C12781B789A42CE
:107F50000BD1BB4BFA1C12781A70B94B1A78B94B7B
:107F60001A70B94B32221A6009E0B54B00221A7020
:107F7000B34B1A78B34B1A70B34B00221A60B14B53
:107F80001B78012B03D1B14B01221A70BDE0AF4B1E
:107F900000221A70AE4B1800FBF750FAAC4B64216C
:107FA0001800FBF7DFFA031E00D0AAE0A84B180068
:107FB000FBF774FB03007B607868F8F771FF031C24
:107FC000A449181CF8F712FE031C8B21C905181CC4
:107FD000F8F73EFC031C191C181CF8F747FA031CA1
:107FE0001A1C9D4B1A609C4B1B688121C905181CEB
:107FF000F8F73CF9031E18D0984B00220121180015
:10800000FCF70DFF954B002202211800FCF707FF3B
:10801000924B002204211800FCF701FF8F4B002235
:1080200008211800FCF7FBFE6BE08B4B1B688C49AA
:10803000181CF8F71BF9031E21D0874B1B68812100
:10804000C905181CF8F708F9031E18D0834B002245
:1080500001211800FCF7E3FE804B002202211800EA
:10806000FCF7DDFE7D4B002204211800FCF7D7FE53
:108070007A4B012208211800FCF7D1FE41E0764B33
:108080001B688021C905181CF8F7F0F8031E20D0E2
:10809000714B1B687249181CF8F7DEF8031E18D0E4
:1080A0006E4B002201211800FCF7B9FE6B4B002239
:1080B00002211800FCF7B3FE684B012204211800CE
:1080C000FCF7ADFE654B012208211800FCF7A7FE66
:1080D00017E0624B002201211800FCF7A0FE5F4B65
:1080E000012202211800FCF79AFE5C4B01220421B8
:1080F0001800FCF794FE594B012208211800FCF7E8
:108100008EFE534B1800FBF7EDF9FFF75BFD554B67
:108110001A68554B1B68D31A544A934200D8EFE0B3
:10812000504B1A68504B1A60464B1B78002B00D0FE
:10813000E6E04F4B1B78012B00D0E1E0444B1800E8
:10814000FBF77CF9424B64211800FBF70BFA031E86
:1081500000D0D1E03E4B1800FBF7A0FA03007B6093
:108160007868F8F79DFE031C3A49181CF8F73EFDA5
:10817000031C8B21C905181CF8F76AFB031C191C8A
:10818000181CF8F773F9031C1A1C334B1A60324B96
:108190001B688121C905181CF8F768F8031E18D060
:1081A0002E4B002201211800FCF739FE2B4B002238
:1081B00002211800FCF733FE284B0022042118008E
:1081C000FCF72DFE254B002208211800FCF727FEA6
:1081D00092E0214B1B682249181CF8F747F8031E50
:1081E00048D01D4B1B688121C905181CF8F734F8CD
:1081F000031E3FD0194B002201211800FCF70FFE8F
:10820000164B002202211800FCF709FE134B002236
:1082100004211800FCF703FE104B0122082118006E
:10822000FCF7FDFD68E0C046FF7C0000E7030000AE
:108230007F0C00001C020020940200202802002075
:108240000802002009020020040200201802002079
:108250003802002033335340140200200004005041
:10826000000040400C0200202C020020DF9304009C
:108270000A000020CF4B1B688021C905181CF7F7A6
:10828000F5FF031E20D0CB4B1B68CB49181CF7F71A
:10829000E3FF031E18D0C94B002201211800FCF790
:1082A000BEFDC64B002202211800FCF7B8FDC34BEF
:1082B000012204211800FCF7B2FDC04B0122082165
:1082C0001800FCF7ACFD17E0BC4B002201211800A0
:1082D000FCF7A5FDB94B012202211800FCF79FFD18
:1082E000B64B012204211800FCF799FDB34B012283
:1082F00008211800FCF793FDB14B1800FBF7F2F8CA
:10830000B04B1B78DBB2002B06D0AE4B00221A70AC
:10831000FFF7A0FCFFF74AFCAB4B1B7A002B04D005
:10832000A94B00221A72FFF707FDA74B5B7A002BBF
:1083300004D0A54B00225A72FFF75AFDA34B1B78BD
:10834000012B00D093E0FBF79FFC0200A04B1B68C1
:10835000D21AFA235B009A4200D28AE1FBF794FC1E
:1083600002009B4B1A609B4B00221A709A4B1B78A1
:10837000042B03D1984B00221A707AE1964B1B789C
:10838000032B53D06BDC022B37D068DC002B02D0E0
:10839000012B19D063E0894B002201211800FCF762
:1083A0003EFD864B012202211800FCF738FD834B6D
:1083B000012204211800FCF732FD804B0122082124
:1083C0001800FCF72CFD4BE07C4B0022012118002B
:1083D000FCF725FD794B002202211800FCF71FFD58
:1083E000764B012204211800FCF719FD734B012282
:1083F00008211800FCF713FD32E0704B0022012128
:108400001800FCF70CFD6D4B002202211800FCF750
:1084100006FD6A4B002204211800FCF700FD674BA3
:10842000012208211800FCF7FAFC19E0634B002236
:1084300001211800FCF7F3FC604B00220221180018
:10844000FCF7EDFC5D4B002204211800FCF7E7FC73
:108450005A4B002208211800FCF7E1FC00E0C0465E
:108460005D4B1B780133DAB25B4B1A7001E1574B5D
:108470001B78022B23D1514B002201211800FCF75D
:10848000CEFC4E4B002202211800FCF7C8FC4B4BDF
:10849000002204211800FCF7C2FC484B00220821EE
:1084A0001800FCF7BCFC4B4B00221A704A4B002210
:1084B0001A70FBF7E9FB0200454B1A60D9E0454B07
:1084C0001B78002B00D0D4E03D4B1800FAF7B6FF24
:1084D0003B4B64211800FBF745F8031E00D0C1E0B8
:1084E000374B1800FBF7DAF803007B607868F8F781
:1084F000D7FC031C3949181CF8F778FB031C8B21A7
:10850000C905181CF8F7A4F9031C191C181CF7F767
:10851000ADFF031C1A1C274B1A60264B1B688121D8
:10852000C905181CF7F7A2FE031E18D0234B002222
:1085300001211800FCF773FC204B002202211800D7
:10854000FCF76DFC1D4B002204211800FCF767FCB2
:108550001A4B002208211800FCF761FC82E0154B41
:108560001B681549181CF7F781FE031E38D0114B04
:108570001B688121C905181CF7F76EFE031E2FD05A
:108580000E4B002201211800FCF749FC0B4B002286
:1085900002211800FCF743FC084B002204211800BC
:1085A000FCF73DFC054B012208211800FCF737FCC5
:1085B00058E0C04614020020000040400004005073
:1085C00038020020100200201C02002009020020B6
:1085D000300200200A0000203402002033335340D0
:1085E000264B1B688021C905181CF7F73FFE031EA8
:1085F00020D0224B1B682249181CF7F72DFE031EC2
:1086000018D0204B002201211800FCF708FC1D4B5C
:10861000002202211800FCF702FC1A4B012204215F
:108620001800FCF7FCFB174B012208211800FCF78F
:10863000F6FB17E0134B002201211800FCF7EFFBBB
:10864000104B012202211800FCF7E9FB0D4B01221F
:1086500004211800FCF7E3FB0A4B01220821180053
:10866000FCF7DDFB084B1800FAF73CFF074B012233
:108670001A700120FBF712FB47E5C04614020020E8
:108680000000404000040050380200200A00002092
:1086900090B59BB000AF34243B19180034231A0066
:1086A000002101F0DDFB2023FB18180014231A0021
:1086B000002101F0D5FB3B1D18001C231A000021EE
:1086C00001F0CEFB294B1B68294A1A40274B802119
:1086D00009010A431A6021007B1802221A607B18E4
:1086E0000122DA607B1810221A617B1802225A627A
:1086F0007B1800229A627B188022D202DA627B18F1
:108700008022D2031A637B181800FBF74DFB031E6F
:1087100001D000F02FF820217B180F221A607B185F
:1087200003225A607B1800229A607B180022DA60CC
:108730007B1800221A617B1801211800FBF79EFEAE
:10874000031E01D000F016F83B1D01221A603B1DEC
:1087500000229A603B1D1800FCF794F8031E01D01C
:1087600000F008F8C046BD461BB090BD0070004048
:10877000FFE7FFFF80B500AF72B6C046C046FDE719
:1087800090B589B000AF0C243B19180014231A00CF
:10879000002101F065FB2C4BDA6A2B4B01210A43C7
:1087A000DA62294BDB6A01221340BB60BB68264BAF
:1087B000DA6A254B02210A43DA62234BDB6A022282
:1087C00013407B607B68214B01220F211800FCF7CE
:1087D00026FB3B191A221A603B1900225A603B19EA
:1087E00001229A603A19A023DB0511001800FCF75A
:1087F00083F93B190F221A603B1901225A603B1979
:1088000000229A603B190022DA603B190F4A1900D6
:108810001000FCF771F921007B1804221A607B1804
:1088200001225A607B1800229A607B180022DA60CD
:108830007A18A023DB0511001800FCF75DF9C0468B
:10884000BD4609B090BDC046001002400004005073
:1088500080B582B000AF3B00180008231A00002149
:1088600001F0FEFA2A4B2B4A1A60294B0022DA63E8
:10887000274B8022D2055A60254B00229A60244B58
:1088800007229A63224B01221A61214B0022DA60EF
:108890001F4B2022012199541D4B21220021995464
:1088A0001B4B00229A621A4BC222FF325A62184BAB
:1088B0002C2200219954164B04225A61144B002299
:1088C0001A63134B00229A61114B00225A63104B1A
:1088D0000022DA610E4B1800FAF73CFC031E01D0AF
:1088E000FFF748FF3B0001221A603B008022520143
:1088F0005A603A00064B11001800FAF79DFF031E5C
:1089000001D0FFF737FFC046BD4602B080BDC0466C
:10891000380200200024014090B589B000AF786093
:108920000C243B19180014231A00002101F098FAB6
:108930007B681B68184A93422AD1184B5A6B174B15
:10894000802189000A435A63144BDA6A134B0121D0
:108950000A43DA62114BDB6A01221340BB60BB6839
:108960003B1901221A603B1903225A603B1900226D
:108970009A603A19A023DB0511001800FCF7BCF837
:10898000002200210C20FCF75FFD0C20FCF771FD9C
:10899000C046BD4609B090BD002401400010024011
:1089A00080B500AF034B1800FAF784FEC046BD4601
:1089B00080BDC0463802002080B582B000AF104BA9
:1089C0001A6B0F4B01210A431A630D4B1B6B0122DB
:1089D00013407B607B68002200210920FCF734FDF6
:1089E0000920FCF746FD002200210A20FCF72CFD9F
:1089F0000A20FCF73EFDC046BD4602B080BDC04621
:108A00000010024090B589B000AF0200BB1D1A8073
:108A10003B1D0A1C1A802C4B5A6B2B4B20218A437E
:108A20005A632A4B2A4A1A603B1D1A88274B5A6000
:108A3000264B00229A60BB1D1A88244BDA60234B18
:108A400000221A61214B80225A61204B1800FCF74A
:108A5000B9FD031E01D0FFF78DFE18243B19180045
:108A600008231A00002101F0FBF93B1900221A60CB
:108A70003B1900225A603A19144B11001800FDF7F7
:108A8000DFF908243B19180010231A00002101F017
:108A9000E7F921007B1860221A607B1800225A60D7
:108AA0007B1800229A607B180022DA607918074B45
:108AB00000221800FCF75CFF031E01D0FFF75AFEEE
:108AC000C046BD4609B090BD00100240940200208F
:108AD0000014014080B584B000AF0200BB1D1A80B5
:108AE0003B1D0A1C1A800823FB18180008231A00D3
:108AF000002101F0B5F9174B174A1A603B1D1A887F
:108B0000144B5A60134B00229A60BB1D1A88114BFC
:108B1000DA60104B80225A610E4B1800FCF7C6FC3D
:108B2000031E01D0FFF726FE08217B1800221A60E1
:108B30007B1800225A607A18064B11001800FDF7C6
:108B40007FF9031E01D0FFF715FEC046BD4604B0F5
:108B500080BDC046D40200200010004090B589B00E
:108B600000AF78600C243B19180014231A00002170
:108B700001F076F97B681B68174A934228D1174B9E
:108B80005A6B164B20210A435A63144BDA6A134B73
:108B900001210A43DA62114BDB6A01221340BB60F8
:108BA000BB6821007B1840221A607B1802225A60A1
:108BB0007B1800229A607B180022DA607B1805225D
:108BC0001A617A18A023DB0511001800FBF794FF47
:108BD000C046BD4609B090BD0014014000100240DF
:108BE00080B582B000AF0200BB1D1A80044B1B6829
:108BF000BA1D12885A63C046BD4602B080BDC04649
:108C00009402002080B582B000AF78607B681B685A
:108C10000A4A93420DD10A4B9A6B094B10210A4321
:108C20009A63002200211120FCF70EFC1120FCF7B2
:108C300020FCC046BD4602B080BDC04600100040CA
:108C40000010024080B500AF034B1800FCF76EFC2B
:108C5000C046BD4680BDC046D402002080B500AFEE
:108C6000034B1800FCF7B8FDC046BD4680BDC046AA
:108C7000D402002080B582B000AF78607B681B68AA
:108C8000074A934208D1074B1B680A331A00054B69
:108C90001A60054B01221A70C046BD4602B080BD65
:108CA000001000400C0200201002002080B582B0AD
:108CB00000AF7860C046074BDB6940221340FAD012
:108CC0007B68DAB2034B9A627B681800BD4602B03B
:108CD00080BDC0460038014080B500AFC046064B9D
:108CE000DB6920221340FAD0034B5B6A1A00FF2392
:108CF00013401800BD4680BD0038014080B582B0E9
:108D000000AF7860174B184A1A60164B7A685A60A1
:108D1000144B00229A60134B0022DA60114B0022A0
:108D20001A61104B0C225A610E4B00229A610D4BB6
:108D30000022DA610B4B00221A620A4B00225A62AF
:108D4000084B1800FDF7D4F8031E01D0FFF712FD01
:108D50000649044B01221800FDF71EF9C046BD4626
:108D600002B080BD2005002000380140180400201A
:108D700090B58BB000AF786014243B191800142311
:108D80001A00002101F06CF87B681B68764A934258
:108D90005CD1764B5A6B754B8021C9010A435A63EB
:108DA000724BDA6A714B01210A43DA626F4BDB6A5C
:108DB000012213403B613B693B19C022D2001A607B
:108DC00021007B1802225A607B1801229A607B18CE
:108DD0000322DA607B1804221A617A18A023DB05CB
:108DE00011001800FBF788FE614B624A1A60604B65
:108DF00003225A605E4B10229A605D4B0022DA60BB
:108E00005B4B80221A615A4B00225A61584B002258
:108E10009A61574B0022DA61554B00221A62544B7B
:108E20001800FCF719F8031E01D0FFF7A3FC7B68BC
:108E30004F4A1A674E4B7A689A62032203211B201D
:108E4000FCF702FB1B20FCF714FB89E07B681B6826
:108E5000494A934200D083E0444B9A6B434B8021B4
:108E600089020A439A63414BDA6A404B01210A4363
:108E7000DA623E4BDB6A01221340FB60FB6814217F
:108E80007B180C221A607B1802225A607B18012280
:108E90009A607B180322DA607B1804221A617A1820
:108EA000A023DB0511001800FBF726FE334B344AE4
:108EB0001A60324B04225A60304B00229A602F4BCA
:108EC0000022DA602D4B80221A612C4B00225A615D
:108ED0002A4B00229A61294B0022DA61274B00229B
:108EE0001A62264B1800FBF7B7FF031E01D0FFF7ED
:108EF00041FC7B68214A5A67204B7A689A62214B71
:108F0000214A1A601F4B04225A601E4B10229A609D
:108F10001C4B0022DA601B4B80221A61194B002285
:108F20005A61184B00229A61164B0022DA61154BE8
:108F300000221A62134B1800FBF78EFF031E01D0AC
:108F4000FFF718FC7B680F4A1A670E4B7A689A6223
:108F5000042203211C20FCF777FA1C20FCF789FA75
:108F6000C046BD460BB090BD003801400010024025
:108F7000300600201C00024000440040780600201B
:108F80006C000240C00600204400024080B582B060
:108F900000AF78607B681B68254A934243D1254B1C
:108FA0001B881BB2002B38DB224B1B881A00802346
:108FB000DB0113400FD0204B1B780A2B03D01D4B35
:108FC00000221A8029E01B4B1B881C4A13439AB2CB
:108FD000184B1A8021E0184B1B780D2B08D1154B2C
:108FE0001B888022D20113439AB2124B1A8014E0DC
:108FF000104B1B889B049B0C0F4A1178104AD154CC
:109000000C4B1B8801339AB20A4B1A80094B1B8800
:10901000FE2B02D9074B00221A800749094B012277
:109020001800FCF7B9FFC046BD4602B080BDC0467F
:109030000038014014040020180400200080FFFFC5
:10904000140300202005002080B582B000AF7860B6
:109050007B681B68084A934202D1084B01221A70B0
:109060007B681B68064A934202D1064B01221A70A4
:10907000C046BD4602B080BD003801401E0500203C
:10908000004400401F05002080B500AF034B1800CE
:10909000FCF747F8C046BD4680BDC04630060020FC
:1090A00080B500AF034B1800FDF7C2F8C046BD46BF
:1090B00080BDC0462005002080B500AF124B1B6864
:1090C000DB6910221340102B16D10F4B1B681022A6
:1090D0001A620D4B1800FDF71BF80C4B1B685B6800
:1090E0009BB2FF22D31A9AB2094B1A800949064B48
:1090F000FF221800FCF7AEFF034B1800FDF798F8AD
:10910000C046BD4680BDC046A805002078060020A8
:109110001C0500201C04002080B500AF0B4B1A6812
:10912000A0231B04134003D0094B1800FBF7F9FFE1
:10913000064B1A68A0231B02134003D0054B1800EE
:10914000FBF7EFFFC046BD4680BDC04600000240B1
:1091500078060020C006002080B500AFC046FDE7BD
:1091600080B500AFC046FDE780B500AFC046BD4644
:1091700080BD80B500AFC046BD4680BD80B500AFA4
:10918000FAF770FDC046BD4680BD000080B500AF57
:10919000074B5A6B064B01210A435A63044B9A6BE7
:1091A000034B802149050A439A63C046BD4680BDF2
:1091B0000010024080B586B000AF7860144A154BAD
:1091C000D31A7B617B693B61134B1B68002B02D177
:1091D000114B124A1A60104B1A687B68D3183A690F
:1091E0009A4207D200F096FE03000C221A60012377
:1091F0005B4209E0084B1B68FB60074B1A687B6801
:10920000D218054B1A60FB681800BD4606B080BD39
:10921000002000200004000008070020580800205B
:1092200080B500AF01231800BD4680BD80B582B077
:1092300000AF7860396000F06DFE030016221A60FE
:1092400001235B421800BD4602B080BD80B582B0EC
:1092500000AF786001235A427B6811001800FFF7C5
:10926000E5FFC046FDE780B586B000AFF860B960A5
:109270007A6000237B610AE0FFF72EFD0100BB68E6
:109280005A1CBA60CAB21A707B6901337B617A6971
:109290007B689A42F0DB7B681800BD4606B080BD53
:1092A00080B586B000AFF860B9607A6000237B615A
:1092B00009E0BB685A1CBA601B781800FFF7F6FC7F
:1092C0007B6901337B617A697B689A42F1DB7B6859
:1092D0001800BD4606B080BD80B582B000AF786092
:1092E00001235B421800BD4602B080BD80B582B04C
:1092F00000AF786039603B68802292015A60002399
:109300001800BD4602B080BD80B582B000AF786065
:1093100001231800BD4602B080BD80B584B000AF07
:10932000F860B9607A6000231800BD4604B080BDC3
:109330000D488546F9F708FF0C480D490D4A0023F2
:1093400002E0D458C4500433C4188C42F9D30A4AFA
:109350000A4C002301E013600432A242FBD300F068
:10936000DFFDFEF78BFDFEE700200020000000205F
:10937000D4010020BCC20008D401002058080020FD
:10938000FEE7F0B51F00002316008BB09F4204DA01
:10939000802109067B181F002D23129A149D13703B
:1093A000202303229D43462D07D02B00453B5942E5
:1093B0004B411099013ACB18109309AB049308ABB9
:1093C0000393139B00920293109B320001933B0086
:1093D00000F066FE0400472D1BD1119BDB0711D561
:1093E000109BC31807930022002330003900F7F7C1
:1093F000DDFE002801D0079B09933022099B0799C5
:109400008B4220D32000099B159A1B1B13600BB0C5
:10941000F0BD109BC3180793462DE4D10378302B81
:109420000CD10022002330003900F7F7BFFE0028DE
:1094300004D10123109A9B1A139A1360139B079A65
:109440001B68D318CEE7591C09911A70D6E7F0B5FE
:109450002B2385B005000C1E027001DA4C4202334A
:109460006B70092C2CDD02ABDE1D20000A21F7F702
:1094700089FE37003031013E200031700A2101940D
:10948000F7F79AFD019B0400632BEEDCBA1EA81CC3
:10949000010013003034147002AC07349C420AD827
:1094A0000023944203D3093302AA9B18DB1BC01884
:1094B000401B05B0F0BD1C7801330C700131EBE7A7
:1094C0003023E418AB70281DEC70F1E7F0B597B0CD
:1094D0000D000A921C9C0B93099000F0C9FC0368D4
:1094E00018000D93F7F74CFD00230F9014932B7E7B
:1094F00007220C932B680E930E992368C90545D556
:109500009B1893431A000832226001221E685F688C
:109510007B005B0811931096AE64EF64109811996C
:10952000A74B5242F9F760FD002831D110981199EC
:109530000122A34B5242F7F749FE002828D100220E
:10954000002330003900F7F737FE002803D02B0046
:109550002D2243331A700C9B9A4F472B00D89A4FF9
:10956000032300240E9A2B6101339A432A600B9B3C
:109570002900009309980A9B15AA00F0E5F901302B
:1095800000D09EE00120404217B0F0BD0733B8E79D
:1095900032003B0030003900F9F726FD00280BD0DF
:1095A000002F03DA2B002D2243331A700C9B874FB8
:1095B000472BD5D8864FD3E720220C9C6B68944369
:1095C0005A1C46D107336B6080230E9ADB0013438D
:1095D00000222B60069214AA05920C9A0AA9049202
:1095E00013AA039223225218029201936B6832004D
:1095F000009309983B00FFF7C4FE139A0700472C1D
:109600002DD1D31C02DB6B689A4247DD0C9B023BD9
:10961000DBB20C93280013990C9A01395030139146
:10962000FFF715FF149A040013182B61012A02DCBE
:109630002A68D20701D501332B6123230AAA9B187C
:109640001B78002B00D192E72B002D2243331A7098
:109650008DE7472CB8D1002BB6D10133B3E70C9B73
:10966000652BD7D90C9B662B1AD16B68002A09DDB4
:109670002A61002B02D12968C9070BD501339B1839
:109680002B6107E0002B03D101222968114200D091
:109690009A1C2A61139B0024AB65CEE767230C93C9
:1096A0001399149B994206DB2B682961DB07F1D5DE
:1096B00001312961EEE701220029E0DC9218521AFB
:1096C000DDE72A68530508D42B693A000A990998FE
:1096D0000B9CA047013029D154E70C9B652B00D887
:1096E000DBE0A86CE96C00220023F7F75FFD00289F
:1096F00033D00123374A0A9909980B9CA0470130BF
:1097000000D13FE7149E139BB34202DB2B68DB07BB
:109710000CD50B9C0F9B0D9A0A990998A047002421
:10972000013000D12EE7731EA3420ADC2B689B0791
:1097300000D506E1159BE868984200DB24E7180095
:1097400022E72A0001230A9909980B9F1A32B84789
:10975000013000D116E70134E5E7139B002B3BDC19
:1097600001231C4A0A9909980B9CA047013000D19B
:1097700008E7149E139B334302D12B68DB07D5D532
:109780000F9B0D9A0A9909980B9CA0470023013062
:1097900000D1F7E60C93139B0C9A5B42934201DCD9
:1097A000330092E72A0001230A9909980B9C1A3288
:1097B000A047013000D1E5E60C9B0133EAE7C04643
:1097C000FFFFEF7F38BF000834BF000840BF00082C
:1097D0003CBF000844BF0008149BAE6D0C939E4232
:1097E00000DD1E00002E31DCF3430024DB17334084
:1097F0000E93AE6D0E9BF31AA34230DC139B0C9AB2
:109800009A4238DC2B68DB0735D4139C0C9B0C9AEE
:109810009B1B141B9C4200DD1C00002C34DCE3432A
:109820000026DB171C40139B0C9AD31A1B1BB34258
:1098300000DC7BE72A0001230A9909980B9F1A3262
:10984000B847013000D19DE60136ECE733003A001D
:109850000A9909980B9CA0470130C5D192E62A00CD
:1098600001230A9909980B9E1A32B047013000D1A2
:1098700088E60134BDE70F9B0D9A0A9909980B9C65
:10988000A0470130C1D17DE6BA1923000A99099891
:109890000B9EB0470130C2D174E6149B0C93012B90
:1098A00002DC01231A4239D001233A000A990998AF
:1098B0000B9EB047013000D164E60F9B0D9A0A99C8
:1098C00009980B9EB047013000D15BE6A86CE96CAB
:1098D0000C9B0022013B0C930023F7F767FC002848
:1098E0001AD10C9B7A1C0A9909980B9EB04701303B
:1098F0000ED147E62A0001230A9909980B9F1A32D4
:10990000B847013000D13DE601360C9B9E42F1DBA9
:109910002A0023005032D9E60026F6E73A00E2E7B3
:109920002A0001230A9909980B9E1932B047013089
:1099300000D127E60134EB68159A9B1AA342EFDCAD
:10994000F8E60024F7E7C046F7B5160001938A68E9
:109950000B690C000090934200DA13002200336080
:1099600043321278002A01D00133336023689B060A
:1099700002D53368023333602268062315001D4088
:109980001A4227D0230043331B785A1E9341226882
:10999000920630D4220001990098089D4332A847CE
:1099A000013025D00622236800251340042B05D161
:1099B0003368E568ED1AEB43DB171D40A3682269A5
:1099C000934201DD9B1AED180026B54220D10020FC
:1099D00010E00135E36832689B1AAB42D2DD220009
:1099E000012301990098089F1932B8470130F0D13E
:1099F00001204042FEBD3020E118433108702100B3
:109A00005A1C45310978A218433202331170C1E75C
:109A10002200012301990098089F1A32B8470130AB
:109A2000E6D00136D1E70000F0B58BB006920A000F
:109A300043320793059003920A7E0C00109B782A0C
:109A400009D8622A0BD8002A00D1BAE07A490491D9
:109A5000582A00D18EE0250042352A7022E01000FD
:109A600063381528F7D8F7F79DFA16001F00F6FFA0
:109A7000F6FFF6FFF6FF1F00F6FFF6FFF6FFF6FF14
:109A80009F0036007E00F6FFF6FFB000F6FF3600BE
:109A9000F6FFF6FF820025001A684235111D196095
:109AA00013682B7001239EE018680968021D0D06DB
:109AB0000BD506681A60002E03DA2D23039A76422E
:109AC00013705D4B0A27049318E006681A60490674
:109AD000F1D536B2EFE70868196840C9050602D427
:109AE000400600D5B6B21960534B0A2704936F2A7B
:109AF00000D1023F2300002243331A706368A36041
:109B0000002B06DB04212268039D8A432260334335
:109B10000CD0039D30003900F6F77CFB049B013D1F
:109B20005B5C2B70330006009F42F3D9082F09D1EC
:109B30002368DB0706D5626823699A4202DC30237A
:109B4000013D2B70039B5B1B2361079B210000934E
:109B50000598069B09AAFFF7F7FE013048D10120BE
:109B600040420BB0F0BD202209680A4322607822EF
:109B700032490491210045310A701968226840C9B0
:109B8000100602D4500600D5B6B21960D30702D52C
:109B9000202313432360002E01D01027AAE72022A0
:109BA000236893432360F8E71A680D68101D49691C
:109BB000186013682E0601D5196002E06D06FBD50A
:109BC00019800023039D2361BFE71A68111D1960E6
:109BD000156800212800626800F0C9F9002801D04A
:109BE000401B6060636823610023039A1370ACE735
:109BF0002A00236906990598079DA8470130AED031
:109C000023689B0715D4099BE0689842A9DA1800DD
:109C1000A7E72200012306990598079E1932B0474D
:109C200001309CD00135E368099A9B1AAB42F0DC05
:109C3000E9E70025F7E7C04646BF000857BF000820
:109C4000002310B504000360436083608181436694
:109C5000C281036143618361190008225C3000F016
:109C6000FFF80B4B246263620A4BA3620A4BE36268
:109C70000A4B23630A4B9C4205D00A4B9C4202D0FC
:109C8000094B9C4203D12000583000F06DF910BD03
:109C9000C99D0008F19D0008299E0008559E0008F6
:109CA0000C07002074070020DC07002010B5034AD1
:109CB0000349044800F06CF810BDC0460C000020B9
:109CC000D1B600081C00002041680B4B10B5040001
:109CD000994201D001F0FCFCA168084B994202D0E6
:109CE000200001F0F5FCE168054B994202D020000C
:109CF00001F0EEFC10BDC0460C07002074070020E8
:109D0000DC07002010B5094B094A04211A600948F4
:109D10000022FFF795FF012209210748FFF790FF76
:109D2000022212210548FFF78BFF10BD44080020D6
:109D3000AD9C00080C07002074070020DC07002001
:109D400010B5024800F011F910BDC0464D080020C2
:109D500010B5024800F00AF910BDC0464D080020B9
:109D600010B50400FFF7ECFF236A002B02D0FFF7C9
:109D7000EFFF10BD044B2362044B1B68002BF6D190
:109D8000FFF7C0FFF3E7C046C99C00084408002065
:109D9000F7B51400002600900191A5686768013F9F
:109DA00004D52468002CF8D13000FEBDAB89012B0E
:109DB00008D90E22AB5E013304D029000098019B24
:109DC000984706436835EAE770B50C000E25495FF1
:109DD00000F078F8002803DB636D1B18636570BD25
:109DE000A389024A1340A381F9E7C046FFEFFFFFB2
:109DF000F8B51F008B8905000C001600DB0505D5A2
:109E00000E23C95E0022022300F048F8A389054A08
:109E100028001340A38132000E23E15E3B0000F0D6
:109E200065F8F8BDFFEFFFFF70B50C000E25495F28
:109E300000F034F8A389421C03D1054A1340A381E2
:109E400070BD802252011343A3816065F8E7C046CC
:109E5000FFEFFFFF10B50E23C95E00F00DF810BD37
:109E600003008218934200D1704719700133F9E75B
:109E70000048704758010020002370B5064D0400CB
:109E800008002B60FFF728FA431C03D12B68002B36
:109E900000D0236070BDC0464808002070B50400A3
:109EA000080011001A000023054D2B60FFF735FA5A
:109EB000431C03D12B68002B00D0236070BDC0462B
:109EC0004808002070B50400080011001A000023A3
:109ED000054D2B60FFF7C7F9431C03D12B68002BFE
:109EE00000D0236070BDC0464808002070B5040053
:109EF000080011001A000023054D2B60FFF7D0F970
:109F0000431C03D12B68002B00D0236070BDC046DA
:109F100048080020014B18687047C0461800002010
:109F200070B500260C4C0D4D641BA410A64209D13F
:109F3000002601F049FF0A4C0A4D641BA410A642FA
:109F400005D170BDB300EB5898470136EEE7B3007A
:109F5000EB5898470136F2E7B4C20008B4C20008D3
:109F6000B8C20008B4C20008704770477047C9B251
:109F70008218904201D10020704703788B42FBD0B9
:109F80000130F6E7002310B59A4200D110BDCC5C39
:109F9000C4540133F8E7F0B503690C6989B0039044
:109FA00006910020A34263DB0B00013C1433A500A3
:109FB00004935B190593039B143301935D19059B6F
:109FC0002F681E68380001363100F6F79DF80290C0
:109FD000B74227D3049B00279C46019E0797624601
:109FE00008CA30689446029A99B251431B0C5343F5
:109FF000C9190A0C9B1889B282B2521A07991F0C10
:10A000005218000C9BB21114C31A5B18191492B2A7
:10A010001B041A43059B079104C66345DFD22B68D6
:10A02000002B2BD00699039801F0B6F900281EDB0F
:10A030000026019D049901C92B6887B29AB2D21BF0
:10A040009219000C1B0C1B1A10141B181E1492B230
:10A050001B041A43059B04C58B42ECD2019AA30052
:10A06000D3181A68002A14D0029B01330293029875
:10A0700009B0F0BD2B68002B04D1013C019B043DCD
:10A08000AB42F7D3039B1C61CCE71A68002A04D1CA
:10A09000013C019A043B9A42F7D3039B1C61E3E71E
:10A0A000F0B514001D00C6699DB00A940B95259F5C
:10A0B0000390002E0FD1102000F02CFE039B021EF7
:10A0C000D86104D1EF21C74BC74801F03FFB466080
:10A0D00086600660C660039BDB69196800290BD0A7
:10A0E0005A68012393404A608B60039800F012FF86
:10A0F0000022039BDB691A60002D1EDA01233B60FE
:10A100006B005B080B930B9FB84BB84A3B409342E4
:10A1100016D1B74B249A13603B031B0B234301D189
:10A1200000F080FDB34B269A0893002A02D0B24B70
:10A13000269A136008981DB0F0BD00233B60E2E74B
:10A140000A9A0B9B129213931298139900220023E0
:10A15000F7F72CF8061E0BD00123249A1360269BD8
:10A16000002B02D0A54B269A1360A54B0893E1E77C
:10A170001AAB01931BAB00930398129A139B01F047
:10A18000C1F97A000590520D00D17BE0139B18961F
:10A1900019039C4B090B0B439B49571812981399B1
:10A1A00019000022994BF8F715FB994A994BF8F7DB
:10A1B0002BF8994A994BF7F727F8040038000D005F
:10A1C000F8F770FF964A974BF8F71EF802000B005D
:10A1D00020002900F7F718F804000D00F8F726FF13
:10A1E00000220490002320002900F6F7E5FF002854
:10A1F0000BD00498F8F756FF2B002200F6F7D6FF95
:10A2000043425841049B1B1A049301231593049B5A
:10A21000162B10D812981399049A834BD2009B18CE
:10A220001A685B68F6F7C8FF002847D0049B013B1B
:10A2300004930023159300221A9B0692DB1B5A1EDF
:10A240003ED50122D31A069300230D93049B002BC5
:10A2500038DB049A0D9B944663440D9300231492BB
:10A260000F93229B0124092B62D8052B02DD0024C9
:10A27000043B2293229B981E032863D8F6F788FE9E
:10A280005456382B1B9B1A9EF618684BF218202A3E
:10A290000FDD40239B1A9F40654B3800F318DC40CC
:10A2A0002043F8F72DFF0122624B771ECB1818923E
:10A2B00076E7202320009B1A9840F2E71590BAE732
:10A2C0000D92C3E7069B049A9B1A069353420F9381
:10A2D00000231493C5E70123239A10939446049B0B
:10A2E00063440E9301330993002B08DC012306E03D
:10A2F00001231093239B002B28DD0E930993039ACF
:10A300000021D0690422150014359D4223D94160F3
:10A31000039800F0BBFD089000281FD1B021464BE8
:10A320003148089AFF31D0E60023E2E70023D3E763
:10A33000002310942293013B00220E9309931333C0
:10A340002392DCE701231093023BF5E701231A0077
:10A350000E930993F4E701315200D4E7039B089A66
:10A36000DB691A60099B0E2B00D9D6E0002C00D1C6
:10A37000D3E0049B002B63DD0F21049A2A4B0A4093
:10A38000D2009B181E685F68049B02241D11DB0528
:10A390000AD52A4B0D401A6A5B6A12981399F7F78F
:10A3A000F9FA0A900B910134244B0C93002D08D13B
:10A3B0000A980B9932003B00F7F7ECFA0A900B91E0
:10A3C00059E001231D4209D0E4180C9B30001A68A3
:10A3D0005B683900F7F718FF06000F000C9B6D1043
:10A3E0000833E2E775BF00088CBF00080000F07F6B
:10A3F0000F27000071BF000874BF000845BF0008A8
:10A4000044BF00080000F03F01FCFFFF0000F83FE0
:10A4100061436F63A787D23FB3C8608B288AC63F6A
:10A42000FB799F501344D33FE0C000083204000082
:10A4300012040000000010FEE4BF0008B8C00008CD
:10A44000049B0224002B16D0129813990F225D4210
:10A450002A40D54BD2009B181A685B68F7F7D4FEE8
:10A46000012700230A900B91D04E2D11002D00D012
:10A4700095E0002BA2D10A9E0B9F159B002B00D1CB
:10A4800098E0002230003900C94BF6F795FE00280D
:10A4900000D18FE0099B002B00D18BE00E9B002B9D
:10A4A00037DD049B0022013B0C933000C14B390087
:10A4B000F7F7AAFE0A900B910E9B0134200011932E
:10A4C000F8F7F0FD0A9A0B9BF7F79EFEBA4B0022B5
:10A4D000F6F79AFEB94B0600CF18119B002B6DD1F1
:10A4E0000A980B990022B64BF8F774F932003B003A
:10A4F00004000D00F6F774FE002800D0B6E28021BB
:10A5000009067B18320020002900F6F755FE0028C6
:10A5100028D1129B139C0A930B941B9B002B00DAEF
:10A5200074E1049A0E2A00DD70E19F4BD2009B1863
:10A530005C681B6806930794239B002B00DBE7E015
:10A54000099B002B00DDE3E00CD10698079900225F
:10A550009B4BF7F759FE0A9A0B9BF6F74BFE002828
:10A5600000D186E200263700239B089CDB430C9336
:10A57000049700273100039800F0CCFC049B002BCB
:10A5800000D1BBE0002F05D09F4203D039000398D3
:10A5900000F0C0FC0499039800F0BCFCAEE03D4222
:10A5A00005D032687368F7F72FFE3B0001346D1059
:10A5B00008365BE7049B0C93099B7FE7119A7A4B63
:10A5C000013AD20010999B181A685B6800294CD098
:10A5D00000207C49F7F7DEF932003B00F8F7FAF883
:10A5E000089A060094460F00089B1693119B63443B
:10A5F00011930A980B99F8F719FD0500F8F752FD29
:10A6000002000B000A980B99F8F7E4F8169B303516
:10A610005C1C1D7032003B000A900B91F6F7CCFDDC
:10A6200000286BD10A9A0B9B00206149F8F7D2F8F9
:10A6300032003B00F6F7C0FD002800D0C6E0119BB9
:10A64000A34200D165E7002230003900594BF7F7EB
:10A65000DBFD002206000F000A980B99554BF7F717
:10A66000D3FD16940A900B91C3E730003900F7F739
:10A67000CBFD089D119A2B009446169017916344C8
:10A6800019930A980B99F8F7D1FC0400F8F70AFD22
:10A690000B0002000A980B99F8F79CF83034199BCC
:10A6A0002C70013506000F00AB422AD1169817997D
:10A6B000089B119C9C460022424B6444F6F7A4FD83
:10A6C00002000B0030003900F6F78AFD002800D0A8
:10A6D0007CE0169A179B00203A49F8F77BF80200B5
:10A6E0000B0030003900F6F767FD002800D110E7B5
:10A6F0002300013C2278302AFAD01C000C9B0493E2
:10A7000042E000222B4BF7F77FFD0A900B91B8E750
:10A71000099B089D013B5B190A9E0B9F0A93069AB1
:10A72000079B30003900F7F735F9F8F77FFC0990FF
:10A73000F8F7B8FC069A079BF7F766FD02000B00D6
:10A7400030003900F8F746F82B00099A013530320D
:10A750001A700A9A2C009A424BD102000B00F6F7AD
:10A7600053FD069A079B06000F00F6F739FD0028F7
:10A770002AD1069A079B30003900F6F717FD00280A
:10A7800002D0099BDD071FD40599039800F0C2FB96
:10A7900000232370049B249A01331360269B002B13
:10A7A00000D1C7E41C60C5E4E0C00008B8C00008E0
:10A7B0000000F03F0000244000001C400000C0FCEE
:10A7C000000014400000E03F049B0C9323001C0099
:10A7D000013B1A78392A08D1089A9A42F7D10C9A83
:10A7E000089901320C9230220A701A7801321A70DC
:10A7F00084E70022C64BF7F707FD0022002306007E
:10A800000F00F6F7D3FC002889D0BDE7109F0F9DFD
:10A81000069C002F14D0229A012A00DDE4E0189A49
:10A82000002A00D1DAE0BB4A9B18069A0121D2180F
:10A8300006920D9A0398D3180D9300F023FC07009D
:10A84000002C0ED00D9B002B0BDD0D9A23009442A3
:10A8500000DD1300069AE41AD21A06920D9AD31A52
:10A860000D930F9B002B21D0109B002B00D1D3E028
:10A87000059E002D14D039002A00039800F0C4FC76
:10A88000059A01000700039800F014FC06000599E2
:10A89000039800F03FFB0F9B05965B1B0F9305D0C1
:10A8A00031000F9A039800F0AFFC05900121039846
:10A8B00000F0E8FB149B0600002B00D1BCE11A005D
:10A8C0000100039800F0A0FC229B06000025012B4C
:10A8D00016DC00250A9BAB420ED10B9B1B03AB423F
:10A8E0000AD18D4B0B9A134206D0069B01350133DA
:10A8F00006930D9B01330D93149B0120002B08D070
:10A90000336903339B00F318586800F06BFB202376
:10A91000181A0D9B181802001F231A40184200D164
:10A9200081E001339B1A042B79DD1C239B1A069AC4
:10A93000E418D21806920D9AD3180D93069B002B9B
:10A9400005DD1A000599039800F0BAFC05900D9BEF
:10A95000002B05DD31001A00039800F0B1FC060061
:10A96000159B002B61D03100059800F015FD0028E3
:10A970005BDA049B0A22013B0C93059900230398A0
:10A9800000F0ECFA109B0590002B00D15BE1002356
:10A9900039000A22039800F0E1FA0E9B0700002B11
:10A9A0004DDC229B022B46DD0E9B002B00D0DBE50D
:10A9B00031000522039800F0D1FA06000100059845
:10A9C00000F0EAFC002800DCCEE5089B089A5C1C3D
:10A9D000312313700C9B01330C93C9E536231A9A6B
:10A9E0000F9D9B1A069C20E7099B5D1E0F9BAB42A7
:10A9F00008DB5D1B099B002BF4DA069B099A9C1A65
:10AA0000002312E70F9B149AEB1AD31814930F9597
:10AA1000069C0025099B08E70F9A059942E7042B3D
:10AA20008CD01C3383E71300FBE7049B0C93099B3A
:10AA30000E93002BB5DD109B002B00D107E1002CFD
:10AA400005DD39002200039800F03AFC0700049766
:10AA5000002D20D07968039800F018FA041E0CD15C
:10AA600022002E4B2E482F49FFF72FFB119E370057
:10AA7000ABE7049B099E0C93F9E739003A690C3166
:10AA8000023292000C30FFF77DFA01222100039878
:10AA900000F016FC0490089B0E9A0693013B9B184D
:10AAA00001220F930A9B13400E9331000598FFF784
:10AAB00072FA390005000A90059800F06DFC049ABE
:10AAC0000D903100039800F083FC0122C36804005C
:10AAD00030350992002B04D10100059800F05CFC90
:10AAE00009902100039800F015FA069B229A5C1C3D
:10AAF000099B13430E9A134316D1392D2FD00D9B6A
:10AB0000002B01DD0A9D3135069B1D7032E5C046E4
:10AB100000002440330400000000F07FE4BF000880
:10AB20008CBF0008EF0200000D9B002B04DB229A73
:10AB300013430E9A13431ED1099B002BE4DD0599A4
:10AB40000122039800F0BCFB3100059000F024FCCA
:10AB5000002802DCD8D1EB07D6D5392DD2D1392344
:10AB6000069A137023001C00013B1A78392A50D032
:10AB700001321A70FEE4099B002B03DD392DEED063
:10AB80000135C1E7069B069A1D700F9B93422BD09F
:10AB900000230A220599039800F0E0F9049B059030
:10ABA0009F4209D1390000230A22039800F0D6F908
:10ABB00007000490069478E7390000230A220398DE
:10ABC00000F0CCF9002307000A220499039800F052
:10ABD000C5F90490EEE70E9B0124002B00DD1C005C
:10ABE00004970027089B1C1905990122039800F07F
:10ABF00067FB3100059000F0CFFB0028B2DC01D1EB
:10AC0000ED07AFD423001C00013B1A78302AFAD09C
:10AC1000B0E4089A9A42A6D10C9B01330C933123DD
:10AC20001370A7E4144B269A0893144B002A01D002
:10AC3000FFF77EFAFFF77EFA229B012B00DC48E645
:10AC40000120149D65E60E9B002B00DCA9E6002484
:10AC500031000598FFF79FF9089B303018550E9B7F
:10AC600001340500A342B6DD00230A2205990398AA
:10AC700000F074F90590EBE768BF000870BF0008AA
:10AC800070B505000C1E10D0043C2368002B00DAC0
:10AC9000E418280000F0EAF81D4A1368002B05D1DB
:10ACA00063601460280000F0E9F870BDA34208D981
:10ACB000206821188B42F3D119685B68091821605C
:10ACC000EEE71A005B68002B01D0A342F9D91168A6
:10ACD0005018A0420BD12068091850181160834207
:10ACE000E0D118685B68411811605360DAE7A04250
:10ACF00002D90C232B60D5E7206821188B4203D1A1
:10AD000019685B680918216063605460CAE7C0462F
:10AD10005408002010B5034B0100186800F026F815
:10AD200010BDC0461800002070B50F4E0D003168F0
:10AD30000400002902D100F0F7FC30602900200057
:10AD400000F0F2FC431C03D101256D42280070BDC8
:10AD50000323C51C9D43A842F8D0291A200000F007
:10AD6000E3FC0130F2D1EFE750080020F7B50322F1
:10AD7000CB1C9343083305001F000C2B34D20C2747
:10AD8000B94233D8280000F071F8374E33681C0000
:10AD9000002C2FD139002800FFF7C6FF0400431C08
:10ADA0005FD134680094009B002B4AD1002C52D014
:10ADB00023682800E3180099019300F0B5FC019B7B
:10ADC000834248D123682800FF1A3900FFF7ACFFFF
:10ADD000013040D02368DB19236033685A68002AA9
:10ADE00033D1009B336019E0002BC9DA0C232B60B0
:10ADF0000020FEBD2168C91B20D40B290AD9E21905
:10AE00002760A34204D1326063681160536005E09B
:10AE10005A60F9E76268A3420ED13260280000F060
:10AE20002DF8200007220B30231D9043C21A9842B0
:10AE3000DFD01B1AA350DCE75A60EFE723006468F9
:10AE4000A6E7009C63680093ADE71A005B68A34225
:10AE5000FBD10023DAE70C2328002B6000F00EF86A
:10AE6000C6E70760DAE7C0465408002010B502487C
:10AE7000FFF77BF810BDC0464C08002010B5024813
:10AE8000FFF774F810BDC0464C08002070B5C569C6
:10AE900006000C00002D0ED11020FFF73BFF021E14
:10AEA000F06104D16B21194B194800F04FFC45604B
:10AEB00085600560C560F569EB68002B13D0F36908
:10AEC000A200DB689B181868002818D101210D002A
:10AED000A5406A1D3000920000F056FC00280CD0FE
:10AEE000446085600DE021220421300000F04CFC1C
:10AEF000F369E860DB68002BE1D1002070BD0268D7
:10AF00001A6000230361C360F8E7C04675BF0008FC
:10AF1000F5BF000870B5C66905000C00002E0ED103
:10AF20001020FFF7F7FE021EE86104D18F21094BC4
:10AF3000094800F00BFC466086600660C660002C85
:10AF400007D0EB696268DB6892009B181A68226080
:10AF50001C6070BD75BF0008F5BF0008F7B50F0095
:10AF600001900C001E0000200D6914373B68013071
:10AF700099B251431B0C534389190E0C9B191E0C9B
:10AF800089B21B045B1808C78542EFDC002E22D073
:10AF9000A368AB4219DC616801980131FFF776FFC5
:10AFA000071E05D13A00BA210C4B0D4800F0CEFB2C
:10AFB000210022690C31023292000C30FEF7E2FFD0
:10AFC00021000198FFF7A6FF3C002B1D9B00E31812
:10AFD00001355E6025612000FEBDC046E4BF00086B
:10AFE000F5BF00088022030052020020934201D2E4
:10AFF0001B04103080225204934201D208301B02FD
:10B0000080225205934201D204301B018022D205D6
:10B01000934201D202309B00002B03DB013013422C
:10B0200000D120207047036801000722180010405B
:10B0300013420DD0063A0020134205D102300342DC
:10B0400003D0D34010000B6070479B080B60FBE7F8
:10B050009AB2002A01D110201B0CDAB2002A01D1C9
:10B0600008301B0A1A0701D104301B099A0701D1C5
:10B0700002309B08DA07E9D401305B08E6D12020D2
:10B08000E2E7000010B50C000121FFF7FFFE0028E9
:10B0900007D14621054C0200054B2000FF3100F08E
:10B0A00055FB01234461036110BDC046F5BF000894
:10B0B000E4BF0008F0B514000A6923690D0089B0E7
:10B0C0009A4202DB23000C001D0027692E6961688B
:10B0D000BB190093A368BA19934200DA0131FFF754
:10B0E000D5FE8446002806D1B1216246444B45482E
:10B0F000490000F02BFB0200BB1914329B00D3184F
:10B100000193002113000198834228D32300BF003C
:10B11000143304931435DB19B6000293AB1907936B
:10B1200004230593230002991533994205D30C1B80
:10B13000153CA4080134A3000593079B9D4210D33E
:10B14000009B002B05DD019B043B01931B68002B3A
:10B1500052D063466046009A1A6109B0F0BD02C33E
:10B16000D1E72C68A4B2002C1FD000231700049E46
:10B17000039308CE396806936B461B8B88B26343F2
:10B180001B180398090C1B180698000C6043401804
:10B19000190C4118080C9BB209041943029B039037
:10B1A00002C7B342E5D8059BD0502C68240C20D0B0
:10B1B000002110001368049E03913168076889B26A
:10B1C00061433F0CC919039F9BB2C9190F041F4368
:10B1D000076080CE43683F0C67439BB2090CFB18A5
:10B1E0005B18190C039102990430B142E5D8059916
:10B1F000535004350432A0E7009B013B00939FE7C6
:10B20000E4BF0008F5BF0008F7B5032315000700E9
:10B210000E001A401D4208D02549013A92005258AA
:10B2200000233100FFF79AFE0600AD103DD0FC6907
:10B23000002C0FD11020FFF76DFD021EF86105D123
:10B24000B4211C4B1C48FF3100F080FA446084603C
:10B250000460C460FB699C680193002C08D138002D
:10B260001649FFF70FFF019B04009860002303605D
:10B2700001231D420AD0310022003800FFF71AFFD7
:10B28000310001903800FFF745FE019E6D100CD093
:10B290002068002807D1220021003800FFF70AFFAC
:10B2A0000023206003600400E2E73000FEBDC046DA
:10B2B000A8C0000875BF0008F5BF000871020000B3
:10B2C000F0B50C0016002369571185B0FB180193E7
:10B2D000013300934968A3680290009A934210DBFF
:10B2E0000298FFF7D3FD0023010005001A00143176
:10B2F00098420CD1EF212A00254B2648490000F046
:10B3000025FA01315B00E8E798000A500133BB429F
:10B31000FADBFB43DB171F40BF0023001F20C919C6
:10B3200037002269143392009A180740064229D048
:10B330000130C01B03908C4600201E68BE400643AF
:10B34000604640C08446039E01CBF0409A42F4D848
:10B35000260015360423B24204D3131B153B9B0869
:10B3600001339B00C850002802D0019B0233009398
:10B37000009B0298013B21002B61FFF7CBFD2800C9
:10B3800005B0F0BD01CB01C19A42FBD8F0E7C04641
:10B39000E4BF0008F5BF000830B50B69046902007E
:10B3A000E01A9C420FD114329B0014311400C918CA
:10B3B000D218043A043915680B689D4204D0012064
:10B3C0009D4200D2023830BD9442F2D3FBE7000028
:10B3D000F0B50C0087B00090110020001700FFF7B7
:10B3E000DBFF051E10D101000098FFF74FFD021E84
:10B3F00004D1404B4048414900F0A8F90123456180
:10B400000361100007B0F0BD0026B04203DA23004C
:10B410003C001F00013661680098FFF737FD021EEF
:10B4200003D1344B34483649E6E72369143400939A
:10B430009B00E318210001943C0002933B69143403
:10B440009B00E31803930300C6608C46002014336E
:10B4500004930593634620CBA9B20E009C4608CC0A
:10B460002D0C99B2711A09181B0C0814EB1A1B1831
:10B47000181489B21B041943059B02C30593039B4F
:10B48000A342E7D83900039C153104238C4204D32E
:10B49000E31B153B9B0801339B000199CD180499D0
:10B4A0002E00CB181F0002998E4211D3029CE91E78
:10B4B00000208C4204D321000331491B89088800F5
:10B4C0001B18043B1968002910D0009B136198E7F2
:10B4D000844602CE88B2604400140C0C0419614406
:10B4E000201489B22404214302C7DCE70099013902
:10B4F0000091E6E7E4BF0008F5BF0008370200004E
:10B5000045020000F7B5012116001F00FFF7BEFC41
:10B51000041E05D12200254B2548264900F016F9C6
:10B520003B037D001B0B6D0D02D0802252031343A1
:10B530000193002E25D068460096FFF774FD019B0D
:10B54000009900281BD020221E00121A96403200BB
:10B55000C3400A4362610193019EA661731E9E412E
:10B5600001362661002D14D03526134BED18089BAB
:10B570002D181D60099B361A1E602000FEBD6161FA
:10B58000EAE701A8FFF74FFD019B01266361203028
:10B59000E7E70A4BC018089B1860094BF3189B009B
:10B5A000E3185869FFF71EFD7601E3E7E4BF0008E2
:10B5B000F5BF00080F030000CDFBFFFFCEFBFFFF30
:10B5C000FFFFFF3FF7B50C228B5E05000C001A074A
:10B5D00056D44A68002A02DC0A6C002A4EDDE76A6B
:10B5E000002F4BD0002280202E682A601A004001D4
:10B5F000216A0240034233D0626DA3895B0706D5FE
:10B600006368D21A636B002B01D0236CD21A00231B
:10B610002800E76A216AB847A289431C06D1296835
:10B620001D2946D8294BCB40DB0742D50023636058
:10B6300023692360D20405D5431C02D12B68002B5B
:10B6400000D16065616B2E60002917D02300443360
:10B65000994202D02800FFF713FB002363630DE03B
:10B6600001232800B8470200431CC6D12B68002BD9
:10B67000C3D01D2B01D0162B1AD12E6000201EE046
:10B680000E69002EFAD00F680E60BA1B01920022DC
:10B690009B0700D14A69A260019B002BEEDDA36AE3
:10B6A00032001F002800019B216AB847002807DCF0
:10B6B000A2894023012013431BB2A3814042FEBD57
:10B6C000019B36181B1A0193E6E7C0460100402093
:10B6D0000B6970B505000C00002B02D10025280075
:10B6E00070BD002804D0036A002B01D1FEF738FB9F
:10B6F0000C22A35E002BF1D0626ED20704D49B050E
:10B7000002D4A06DFEF731FC28002100FFF75AFF9C
:10B71000636E0500DB07E2D4A3899B05DFD4A06D2F
:10B72000FEF724FCDBE70000002370B5064D0400A3
:10B7300008002B60FDF73EFD431C03D12B68002B56
:10B7400000D0236070BDC046480800207FB51400BB
:10B750001A00094B05001B680E00D868074B002C27
:10B7600001D1074B1C000749019302942B0000965E
:10B7700000F056F800F064F81800002058C00008E7
:10B7800093C0000865C0000870B50B0C150C002BA9
:10B790001ED1002D0CD189B294B24C432100FFF789
:10B7A000E5FA051E1BD022000021FEF759FB16E02A
:10B7B0002B1C0C1C89B292B24A439BB2A1B25943D2
:10B7C000140C0C19230C07D1240492B21443E5E79E
:10B7D000002D01D1141CEDE70C2300250360280087
:10B7E00070BD82B0002900D101A9101E06D0002B27
:10B7F00006D013780B601078431E984102B0704752
:10B8000002204042FAE70300081E05D0FF2A04D9AF
:10B810008A2201201A604042704701200A70FBE72B
:10B820000EB417B5054C05AB04CB0100206801939D
:10B8300000F034F81EBC08BC03B018471800002004
:10B84000062010B500F010FA0120FDF7FFFC936808
:10B8500010B5013B9360002B04DA9469A34207DB27
:10B860000A2905D01368581C10601970080010BD13
:10B8700000F030F90100F9E7F8B506000F001400F8
:10B88000D518AC4201D1002007E021783A00300001
:10B89000FFF7DDFF0134431CF3D1F8BDF0B5A1B0D3
:10B8A0000F0015001E000390002804D0036A002B2F
:10B8B00001D1FEF755FA7B6EDB0705D4BB899B05EA
:10B8C00002D4B86DFEF751FBBB891B0702D53B695B
:10B8D000002B13D13900039800F03EF900280DD059
:10B8E0007B6EDB0703D50120404221B0F0BDBB8950
:10B8F0009B05F8D4B86DFEF739FBF4E7002308ACDC
:10B900006361203363761033A37607962E00337875
:10B91000002B01D0252B48D1731B0593AE420BD0D1
:10B920002A0039000398FFF7A7FF013000D1AEE0ED
:10B930006369059A9B1863613378002B00D1A6E0F8
:10B94000012200235242626004A954325218751C2D
:10B950002360E360A3601370A365594B05221800B0
:10B9600029780593FEF703FB6E1C00281FD122687F
:10B97000D30604D5532304A95B182021197013079B
:10B9800004D5532304A95B182B2119702B782A2B7B
:10B9900016D02E0000210A20E3683278751C303A58
:10B9A000092A50D9002911D117E00136AFE7059BCC
:10B9B0002268C01A01238340134335002360CCE77B
:10B9C000079B191D1B680791002B01DB0B9304E0FB
:10B9D0005B42E36002231343236033782E2B0CD1A8
:10B9E00073782A2B34D1079B02361A1D1B680792E5
:10B9F000002B01DA01235B420993324D0322280018
:10BA00003178FEF7B4FA002806D04023401B83406B
:10BA10002268013613432360317806222A48751CB8
:10BA20002176FEF7A4FA002840D0284B002B22D123
:10BA30000722079B07339343083307936369049AEC
:10BA40009B18636162E743432E0001219B18A4E722
:10BA500000230A201900013663603278751C303AE1
:10BA6000092A03D9002BC8D00991C6E741432E000B
:10BA700001238918F1E707AA009221003A00144B2C
:10BA80000398FDF723FD0490049B0133D6D17B6E10
:10BA9000DB0705D4BB899B0502D4B86DFEF766FAB7
:10BAA000BB895B0600D51EE70D981EE707AA00922A
:10BAB00021003A00064B0398FDF7B6FFE3E7C046C6
:10BAC00094C000089AC000089EC00008CD940008E9
:10BAD00079B80008F8B506000D001400002804D05D
:10BAE000036A002B01D1FEF73BF9A369A360A38988
:10BAF0001B0702D52369002B09D12100300000F07B
:10BB00002BF8002803D001256D422800F8BD2369D9
:10BB10002068EFB2C01A6369EDB2834205DC2100F0
:10BB20003000FFF7D5FD0028EDD1A3680130013BBF
:10BB3000A36023685A1C22601F706369834204D08B
:10BB4000A389DB07E1D50A2DDFD121003000FFF703
:10BB5000BFFD0028D9D0D6E72D4B70B50500186879
:10BB60000C00002804D0036A002B01D1FEF7F8F87E
:10BB70000C22A35E1A0723D4DA0607D409222A600E
:10BB8000402201201343A38140423AE05B0713D5D2
:10BB9000616B002908D023004433994202D0280069
:10BBA000FFF76EF8002363632422A3899343A381E4
:10BBB00000236360236923600823A2891343A381C0
:10BBC0002369002B0BD1A0218022A3898900920038
:10BBD0000B40934203D02100280000F08FF80C2284
:10BBE000A35E01211A000A400B420BD00022A26082
:10BBF00062695242A26100202269824201D11A0682
:10BC0000BED470BD990700D46269A260F3E7C04654
:10BC10001800002070B504000D001F2904D9162358
:10BC200003600120404270BDC36B002B04D08A002A
:10BC30009B181A68002A08D1200000F031F82A0069
:10BC40000100200000F01AF8EDE7012A09D0511C8C
:10BC500003D1162303600120E5E7002128001960C5
:10BC600090470020DFE7000010B5034B0100186883
:10BC7000FFF7D0FF10BDC04618000020002370B5AC
:10BC8000064D0400080011002B60FDF7CFFA431C9D
:10BC900003D12B68002B00D0236070BD4808002022
:10BCA00010B5FDF7BDFA10BD70B50E001D000E23D6
:10BCB000C95E140096B000290CDAB2898023110005
:10BCC00019401A4214D18023DB0000202960236030
:10BCD00016B070BD6A4600F053F80028EDDBF02383
:10BCE00001991B021940044BC9184B425941EAE71C
:10BCF00000214023E9E7C04600E0FFFFF0B502263F
:10BD00008B8905000C0085B0334207D023004733F0
:10BD1000236023610123636105B0F0BD03AB02AA78
:10BD2000FFF7C2FF029F019039002800FFF71EF8BD
:10BD3000002808D10C22A35E9A05EDD40322934378
:10BD40001E43A681E2E78023A28920601343A381DA
:10BD5000039B20616761002B0CD028000E23E15E5D
:10BD600000F020F8002805D00323A2899A43023B63
:10BD70001343A381A389019A1343A381CCE7000055
:10BD8000002370B5064D0400080011002B60FDF77C
:10BD9000ADFA431C03D12B68002B00D0236070BD8B
:10BDA00048080020002370B5064D040008002B60F1
:10BDB000FDF7AAFA431C03D12B68002B00D02360A7
:10BDC00070BDC04648080020F8B5C046F8BC08BCA5
:10BDD0009E467047F8B5C046F8BC08BC9E46704702
:10BDE000E609000812090008FC08000878090008A4
:10BDF000FC080008AC090008FC08000878090008E5
:10BE00001209000812090008AC09000878090008A6
:10BE1000E8080008E8080008E8080008B609000873
:10BE20001209000812090008FC080008520A00085C
:10BE3000FC080008AC090008FC080008520A0008C9
:10BE40001209000812090008AC090008520A00088B
:10BE5000E8080008E8080008E8080008C81B00080F
:10BE6000861A0008641A0008501A0008641A0008AC
:10BE70006A1B0008641A0008501A0008861A000895
:10BE8000861A00086A1B0008501A0008481A0008A1
:10BE9000481A0008481A00088C1B0008000000001F
:10BEA000000000000102030406070809000000006A
:10BEB00001020304030406080C10182030000000DF
:10BEC0009E6B0008A86B0008DC6B0008046C00087F
:10BED000F26B0008046C0008046C0008046C000895
:10BEE000FC6B0008AA6C0008B46C0008BE6C00086B
:10BEF000E66C0008D46C0008E66C0008E66C0008EC
:10BF0000E66C0008DE6C0008BC7D00084E7D000871
:10BF1000567D00085E7D00086A7D0008767D000879
:10BF2000827D00088E7D00089A7D0008A67D0008AD
:10BF3000B27D0008494E4600696E66004E414E00D3
:10BF40006E616E0030003031323334353637383977
:10BF50004142434445460030313233343536373878
:10BF60003961626364656600496E66696E697479F9
:10BF7000004E614E005245454E54206D616C6C6F11
:10BF80006320737563636565646564002F6275691A
:10BF90006C642F676E752D746F6F6C732D666F7286
:10BFA0002D73746D33325F31332E332E72656C31E5
:10BFB0002E32303235303532332D303930302F7328
:10BFC00072632F6E65776C69622F6E65776C69623C
:10BFD0002F6C6962632F7374646C69622F64746F71
:10BFE000612E630042616C6C6F63207375636365DF
:10BFF00065646564002F6275696C642F676E752DCA
:10C00000746F6F6C732D666F722D73746D33325F46
:10C0100031332E332E72656C312E3230323530355D
:10C0200032332D303930302F7372632F6E65776C59
:10C0300069622F6E65776C69622F6C6962632F731A
:10C0400074646C69622F6D707265632E63004300C7
:10C05000504F534958002E002C2066756E6374694A
:10C060006F6E3A2000617373657274696F6E20227F
:10C07000257322206661696C65643A2066696C6587
:10C0800020222573222C206C696E6520256425737F
:10C0900025730A00232D302B2000686C4C00656648
:10C0A0006745464700000000050000001900000039
:10C0B0007D000000000000000080E03779C34143AC
:10C0C000176E05B5B5B89346F5F93FE9034F384DFE
:10C0D000321D30F94877825A3CBF737FDD4F1575AA
:10C0E000000000000000F03F0000000000002440BD
:10C0F00000000000000059400000000000408F4098
:10C10000000000000088C34000000000006AF84002
:10C110000000000080842E4100000000D012634126
:10C120000000000084D797410000000065CDCD419C
:10C13000000000205FA00242000000E8764837427D
:10C14000000000A2941A6D42000040E59C30A2421B
:10C150000000901EC4BCD64200003426F56B0C4390
:10C160000080E03779C3414300A0D8855734764337
:10C1700000C84E676DC1AB43003D9160E458E14398
:10C18000408CB5781DAF154450EFE2D6E41A4B440D
:10C1900092D54D06CFF08044F64AE1C7022DB54452
:10C1A000B49DD9794378EA44002020202020202023
:10C1B0002020282828282820202020202020202057
:10C1C0002020202020202020208810101010101067
:10C1D00010101010101010101004040404040404B3
:10C1E000040404101010101010104141414141414D
:10C1F000010101010101010101010101010101012F
:10C20000010101011010101010104242424242423E
:10C2100002020202020202020202020202020202FE
:10C2200002020202101010102000000000000000A6
:10C2300000000000000000000000000000000000FE
:10C2400000000000000000000000000000000000EE
:10C2500000000000000000000000000000000000DE
:10C2600000000000000000000000000000000000CE
:10C2700000000000000000000000000000000000BE
:10C2800000000000000000000000000000000000AE
:10C29000000000000000000000000000000000009E
:0CC2A00000000000000000000000000092
:08C2AC002840FF7F01000000A3
:04C2B400E900000895
:04C2B800C1000008B9
:10C2BC00000020000400000001020100000000004A
:10C2CC00030000000C0700201C00002000000000F0
:10C2DC000C07002074070020DC0700200000000081
:10C2EC000000000000000000000000000000000042
:10C2FC000000000000000000000000000000000032
:10C30C000000000000000000000000000000000021
:10C31C0000000000000000004300000000000000CE
:10C32C000000000000000000000000000000000001
:10C33C0000000000000000004300000000000000AE
:10C34C0000000000000000000000000000000000E1
:10C35C00000000000000000043000000000000008E
:10C36C0000000000000000000000000000000000C1
:10C37C00000000000000000043000000000000006E
:10C38C0000000000000000000000000000000000A1
:10C39C00000000000000000043000000000000004E
:10C3AC000000000000000000000000000000000081
:10C3BC00000000000000000043000000000000002E
:10C3CC000000000000000000000000000000000061
:10C3DC00000000000000000043000000000000000E
:10C3EC000000000000000000000000000000000041
:10C3FC00000000000000000007B80008E3B70008C8
:10C40C0000000000A8C1000856C0000893C0000836
:10C41C0093C0000893C0000893C0000893C00008A4
:10C42C0093C0000893C0000893C0000893C0000894
:10C43C00FFFFFFFFFFFFFFFFFFFFFFFFFFFF0000FE
:10C44C000100415343494900000000000000000076
:10C45C0000000000000000000000000000000000D0
:10C46C000000415343494900000000000000000057
:10C47C0000000000000000000000000000000000B0
:04C48C0000000000AC
:04000005080093312B
:00000001FF
